<?xml version="1.0" encoding="UTF-8" ?>
<gpx
 version="1.0"
 creator="Maverick - http://www.maverickgps.com"
 xmlns:xsi="http://www.w3.org/2001/XMLSchema-instance"
 xmlns="http://www.topografix.com/GPX/1/0"
 xsi:schemaLocation="http://www.topografix.com/GPX/1/0 http://www.topografix.com/GPX/1/0/gpx.xsd">
<time>2026-07-30T17:07:59Z</time>
<trk>
 <name>2026-07-30 @ 18-07-59</name>
 <trkseg>
  <trkpt lat="50.723095" lon="-3.956451">
    <ele>266</ele>
    <time>2026-07-30T17:07:58Z</time>
    <speed>0.16</speed>
  </trkpt>
  <trkpt lat="50.723158" lon="-3.956344">
    <ele>261</ele>
    <time>2026-07-30T17:08:22Z</time>
    <speed>0.19</speed>
  </trkpt>
  <trkpt lat="50.723242" lon="-3.956286">
    <ele>264</ele>
    <time>2026-07-30T17:09:17Z</time>
    <speed>0.90999997</speed>
  </trkpt>
  <trkpt lat="50.723301" lon="-3.956165">
    <ele>266</ele>
    <time>2026-07-30T17:09:28Z</time>
    <speed>1.0799999</speed>
  </trkpt>
  <trkpt lat="50.723417" lon="-3.956080">
    <ele>261</ele>
    <time>2026-07-30T17:09:39Z</time>
    <speed>1.38</speed>
  </trkpt>
  <trkpt lat="50.723515" lon="-3.955986">
    <ele>258</ele>
    <time>2026-07-30T17:09:50Z</time>
    <speed>0.7</speed>
  </trkpt>
  <trkpt lat="50.723596" lon="-3.955902">
    <ele>257</ele>
    <time>2026-07-30T17:10:03Z</time>
    <speed>1.81</speed>
  </trkpt>
  <trkpt lat="50.723689" lon="-3.955782">
    <ele>252</ele>
    <time>2026-07-30T17:10:14Z</time>
    <speed>0.95</speed>
  </trkpt>
  <trkpt lat="50.723763" lon="-3.955673">
    <ele>243</ele>
    <time>2026-07-30T17:10:25Z</time>
    <speed>1.29</speed>
  </trkpt>
  <trkpt lat="50.723698" lon="-3.955571">
    <ele>249</ele>
    <time>2026-07-30T17:10:41Z</time>
    <speed>1.1999999</speed>
  </trkpt>
  <trkpt lat="50.723597" lon="-3.955524">
    <ele>248</ele>
    <time>2026-07-30T17:10:52Z</time>
    <speed>1.38</speed>
  </trkpt>
  <trkpt lat="50.723502" lon="-3.955475">
    <ele>242</ele>
    <time>2026-07-30T17:11:03Z</time>
    <speed>1.1899999</speed>
  </trkpt>
  <trkpt lat="50.723380" lon="-3.955422">
    <ele>242</ele>
    <time>2026-07-30T17:11:14Z</time>
    <speed>0.98999995</speed>
  </trkpt>
  <trkpt lat="50.723270" lon="-3.955410">
    <ele>238</ele>
    <time>2026-07-30T17:11:25Z</time>
    <speed>1.18</speed>
  </trkpt>
  <trkpt lat="50.723143" lon="-3.955394">
    <ele>236</ele>
    <time>2026-07-30T17:11:36Z</time>
    <speed>1.1899999</speed>
  </trkpt>
  <trkpt lat="50.723026" lon="-3.955333">
    <ele>243</ele>
    <time>2026-07-30T17:11:47Z</time>
    <speed>0.53</speed>
  </trkpt>
  <trkpt lat="50.722916" lon="-3.955278">
    <ele>242</ele>
    <time>2026-07-30T17:11:58Z</time>
    <speed>1.43</speed>
  </trkpt>
  <trkpt lat="50.722949" lon="-3.955127">
    <ele>235</ele>
    <time>2026-07-30T17:12:11Z</time>
    <speed>2.03</speed>
  </trkpt>
  <trkpt lat="50.723086" lon="-3.955063">
    <ele>232</ele>
    <time>2026-07-30T17:12:22Z</time>
    <speed>1.06</speed>
  </trkpt>
  <trkpt lat="50.723166" lon="-3.954978">
    <ele>230</ele>
    <time>2026-07-30T17:12:36Z</time>
    <speed>1.3199999</speed>
  </trkpt>
  <trkpt lat="50.723265" lon="-3.954941">
    <ele>221</ele>
    <time>2026-07-30T17:12:47Z</time>
    <speed>1.0</speed>
  </trkpt>
  <trkpt lat="50.723387" lon="-3.954918">
    <ele>235</ele>
    <time>2026-07-30T17:12:58Z</time>
    <speed>0.89</speed>
  </trkpt>
  <trkpt lat="50.723501" lon="-3.954868">
    <ele>230</ele>
    <time>2026-07-30T17:13:09Z</time>
    <speed>0.71999997</speed>
  </trkpt>
  <trkpt lat="50.723417" lon="-3.954811">
    <ele>224</ele>
    <time>2026-07-30T17:13:44Z</time>
    <speed>0.95</speed>
  </trkpt>
  <trkpt lat="50.723315" lon="-3.954725">
    <ele>231</ele>
    <time>2026-07-30T17:13:55Z</time>
    <speed>0.53999996</speed>
  </trkpt>
  <trkpt lat="50.723323" lon="-3.954551">
    <ele>219</ele>
    <time>2026-07-30T17:14:06Z</time>
    <speed>1.04</speed>
  </trkpt>
  <trkpt lat="50.723286" lon="-3.954419">
    <ele>226</ele>
    <time>2026-07-30T17:14:17Z</time>
    <speed>1.3</speed>
  </trkpt>
  <trkpt lat="50.723236" lon="-3.954289">
    <ele>229</ele>
    <time>2026-07-30T17:14:30Z</time>
    <speed>0.79999995</speed>
  </trkpt>
  <trkpt lat="50.723184" lon="-3.954116">
    <ele>232</ele>
    <time>2026-07-30T17:14:41Z</time>
    <speed>0.96</speed>
  </trkpt>
  <trkpt lat="50.723099" lon="-3.954049">
    <ele>235</ele>
    <time>2026-07-30T17:14:55Z</time>
    <speed>0.72999996</speed>
  </trkpt>
  <trkpt lat="50.723112" lon="-3.953878">
    <ele>236</ele>
    <time>2026-07-30T17:15:06Z</time>
    <speed>0.94</speed>
  </trkpt>
  <trkpt lat="50.723069" lon="-3.953715">
    <ele>235</ele>
    <time>2026-07-30T17:15:17Z</time>
    <speed>0.71999997</speed>
  </trkpt>
  <trkpt lat="50.723029" lon="-3.953577">
    <ele>237</ele>
    <time>2026-07-30T17:15:29Z</time>
    <speed>0.74</speed>
  </trkpt>
  <trkpt lat="50.723017" lon="-3.953413">
    <ele>237</ele>
    <time>2026-07-30T17:15:40Z</time>
    <speed>0.85999995</speed>
  </trkpt>
  <trkpt lat="50.722954" lon="-3.953262">
    <ele>234</ele>
    <time>2026-07-30T17:15:51Z</time>
    <speed>1.42</speed>
  </trkpt>
  <trkpt lat="50.722858" lon="-3.953100">
    <ele>235</ele>
    <time>2026-07-30T17:16:02Z</time>
    <speed>0.69</speed>
  </trkpt>
  <trkpt lat="50.722814" lon="-3.952977">
    <ele>244</ele>
    <time>2026-07-30T17:16:16Z</time>
    <speed>1.01</speed>
  </trkpt>
  <trkpt lat="50.722774" lon="-3.952816">
    <ele>242</ele>
    <time>2026-07-30T17:16:27Z</time>
    <speed>0.44</speed>
  </trkpt>
  <trkpt lat="50.722763" lon="-3.952675">
    <ele>244</ele>
    <time>2026-07-30T17:16:39Z</time>
    <speed>0.65</speed>
  </trkpt>
  <trkpt lat="50.722767" lon="-3.952530">
    <ele>245</ele>
    <time>2026-07-30T17:16:51Z</time>
    <speed>1.14</speed>
  </trkpt>
  <trkpt lat="50.722773" lon="-3.952355">
    <ele>244</ele>
    <time>2026-07-30T17:17:02Z</time>
    <speed>0.83</speed>
  </trkpt>
  <trkpt lat="50.722795" lon="-3.952191">
    <ele>251</ele>
    <time>2026-07-30T17:17:13Z</time>
    <speed>1.11</speed>
  </trkpt>
  <trkpt lat="50.722747" lon="-3.952069">
    <ele>250</ele>
    <time>2026-07-30T17:17:28Z</time>
    <speed>1.03</speed>
  </trkpt>
  <trkpt lat="50.722656" lon="-3.952020">
    <ele>248</ele>
    <time>2026-07-30T17:17:41Z</time>
    <speed>1.09</speed>
  </trkpt>
  <trkpt lat="50.722621" lon="-3.951871">
    <ele>254</ele>
    <time>2026-07-30T17:17:52Z</time>
    <speed>0.39999998</speed>
  </trkpt>
  <trkpt lat="50.722606" lon="-3.951718">
    <ele>258</ele>
    <time>2026-07-30T17:18:09Z</time>
    <speed>0.82</speed>
  </trkpt>
  <trkpt lat="50.722561" lon="-3.951593">
    <ele>253</ele>
    <time>2026-07-30T17:18:21Z</time>
    <speed>1.0699999</speed>
  </trkpt>
  <trkpt lat="50.722524" lon="-3.951450">
    <ele>262</ele>
    <time>2026-07-30T17:18:34Z</time>
    <speed>0.62</speed>
  </trkpt>
  <trkpt lat="50.722514" lon="-3.951295">
    <ele>266</ele>
    <time>2026-07-30T17:18:49Z</time>
    <speed>0.88</speed>
  </trkpt>
  <trkpt lat="50.722492" lon="-3.951141">
    <ele>268</ele>
    <time>2026-07-30T17:19:01Z</time>
    <speed>0.94</speed>
  </trkpt>
  <trkpt lat="50.722463" lon="-3.950999">
    <ele>270</ele>
    <time>2026-07-30T17:19:12Z</time>
    <speed>0.75</speed>
  </trkpt>
  <trkpt lat="50.722422" lon="-3.950867">
    <ele>274</ele>
    <time>2026-07-30T17:19:24Z</time>
    <speed>0.64</speed>
  </trkpt>
  <trkpt lat="50.722349" lon="-3.950776">
    <ele>271</ele>
    <time>2026-07-30T17:19:37Z</time>
    <speed>0.55</speed>
  </trkpt>
  <trkpt lat="50.722292" lon="-3.950659">
    <ele>275</ele>
    <time>2026-07-30T17:19:51Z</time>
    <speed>0.47</speed>
  </trkpt>
  <trkpt lat="50.722231" lon="-3.950545">
    <ele>276</ele>
    <time>2026-07-30T17:20:03Z</time>
    <speed>0.9</speed>
  </trkpt>
  <trkpt lat="50.722142" lon="-3.950486">
    <ele>284</ele>
    <time>2026-07-30T17:20:15Z</time>
    <speed>1.17</speed>
  </trkpt>
  <trkpt lat="50.722071" lon="-3.950350">
    <ele>274</ele>
    <time>2026-07-30T17:20:26Z</time>
    <speed>1.49</speed>
  </trkpt>
  <trkpt lat="50.721965" lon="-3.950240">
    <ele>274</ele>
    <time>2026-07-30T17:20:37Z</time>
    <speed>1.23</speed>
  </trkpt>
  <trkpt lat="50.721874" lon="-3.950175">
    <ele>284</ele>
    <time>2026-07-30T17:20:49Z</time>
    <speed>1.13</speed>
  </trkpt>
  <trkpt lat="50.721796" lon="-3.950086">
    <ele>290</ele>
    <time>2026-07-30T17:21:00Z</time>
    <speed>0.62</speed>
  </trkpt>
  <trkpt lat="50.721724" lon="-3.949995">
    <ele>293</ele>
    <time>2026-07-30T17:21:11Z</time>
    <speed>0.58</speed>
  </trkpt>
  <trkpt lat="50.721631" lon="-3.949909">
    <ele>291</ele>
    <time>2026-07-30T17:21:22Z</time>
    <speed>1.17</speed>
  </trkpt>
  <trkpt lat="50.721541" lon="-3.949788">
    <ele>293</ele>
    <time>2026-07-30T17:21:33Z</time>
    <speed>1.02</speed>
  </trkpt>
  <trkpt lat="50.721425" lon="-3.949693">
    <ele>296</ele>
    <time>2026-07-30T17:21:44Z</time>
    <speed>1.22</speed>
  </trkpt>
  <trkpt lat="50.721338" lon="-3.949582">
    <ele>299</ele>
    <time>2026-07-30T17:21:55Z</time>
    <speed>1.5</speed>
  </trkpt>
  <trkpt lat="50.721295" lon="-3.949456">
    <ele>297</ele>
    <time>2026-07-30T17:22:08Z</time>
    <speed>2.36</speed>
  </trkpt>
  <trkpt lat="50.721185" lon="-3.949383">
    <ele>300</ele>
    <time>2026-07-30T17:22:19Z</time>
    <speed>0.72999996</speed>
  </trkpt>
  <trkpt lat="50.721118" lon="-3.949249">
    <ele>304</ele>
    <time>2026-07-30T17:22:30Z</time>
    <speed>0.82</speed>
  </trkpt>
  <trkpt lat="50.721022" lon="-3.949144">
    <ele>308</ele>
    <time>2026-07-30T17:22:41Z</time>
    <speed>2.2</speed>
  </trkpt>
  <trkpt lat="50.720954" lon="-3.949050">
    <ele>303</ele>
    <time>2026-07-30T17:22:53Z</time>
    <speed>1.1</speed>
  </trkpt>
  <trkpt lat="50.720857" lon="-3.948981">
    <ele>301</ele>
    <time>2026-07-30T17:23:04Z</time>
    <speed>1.3199999</speed>
  </trkpt>
  <trkpt lat="50.720753" lon="-3.948854">
    <ele>308</ele>
    <time>2026-07-30T17:23:15Z</time>
    <speed>1.23</speed>
  </trkpt>
  <trkpt lat="50.720645" lon="-3.948800">
    <ele>309</ele>
    <time>2026-07-30T17:23:26Z</time>
    <speed>1.1</speed>
  </trkpt>
  <trkpt lat="50.720544" lon="-3.948729">
    <ele>309</ele>
    <time>2026-07-30T17:23:37Z</time>
    <speed>1.3299999</speed>
  </trkpt>
  <trkpt lat="50.720451" lon="-3.948723">
    <ele>317</ele>
    <time>2026-07-30T17:23:50Z</time>
    <speed>1.52</speed>
  </trkpt>
  <trkpt lat="50.720323" lon="-3.948682">
    <ele>315</ele>
    <time>2026-07-30T17:24:01Z</time>
    <speed>1.12</speed>
  </trkpt>
  <trkpt lat="50.720209" lon="-3.948695">
    <ele>313</ele>
    <time>2026-07-30T17:24:12Z</time>
    <speed>1.31</speed>
  </trkpt>
  <trkpt lat="50.720101" lon="-3.948696">
    <ele>319</ele>
    <time>2026-07-30T17:24:23Z</time>
    <speed>1.12</speed>
  </trkpt>
  <trkpt lat="50.719971" lon="-3.948668">
    <ele>320</ele>
    <time>2026-07-30T17:24:34Z</time>
    <speed>0.48</speed>
  </trkpt>
  <trkpt lat="50.719869" lon="-3.948680">
    <ele>319</ele>
    <time>2026-07-30T17:24:45Z</time>
    <speed>1.25</speed>
  </trkpt>
  <trkpt lat="50.719770" lon="-3.948689">
    <ele>320</ele>
    <time>2026-07-30T17:24:56Z</time>
    <speed>0.74</speed>
  </trkpt>
  <trkpt lat="50.719677" lon="-3.948696">
    <ele>317</ele>
    <time>2026-07-30T17:25:08Z</time>
    <speed>1.1899999</speed>
  </trkpt>
  <trkpt lat="50.719529" lon="-3.948731">
    <ele>322</ele>
    <time>2026-07-30T17:25:19Z</time>
    <speed>1.1</speed>
  </trkpt>
  <trkpt lat="50.719415" lon="-3.948713">
    <ele>323</ele>
    <time>2026-07-30T17:25:30Z</time>
    <speed>0.56</speed>
  </trkpt>
  <trkpt lat="50.719334" lon="-3.948642">
    <ele>325</ele>
    <time>2026-07-30T17:25:41Z</time>
    <speed>0.9</speed>
  </trkpt>
  <trkpt lat="50.719242" lon="-3.948593">
    <ele>323</ele>
    <time>2026-07-30T17:25:54Z</time>
    <speed>1.3</speed>
  </trkpt>
  <trkpt lat="50.719103" lon="-3.948553">
    <ele>316</ele>
    <time>2026-07-30T17:26:05Z</time>
    <speed>0.55</speed>
  </trkpt>
  <trkpt lat="50.719011" lon="-3.948562">
    <ele>323</ele>
    <time>2026-07-30T17:26:18Z</time>
    <speed>1.13</speed>
  </trkpt>
  <trkpt lat="50.718919" lon="-3.948538">
    <ele>328</ele>
    <time>2026-07-30T17:26:29Z</time>
    <speed>1.0699999</speed>
  </trkpt>
  <trkpt lat="50.718826" lon="-3.948523">
    <ele>330</ele>
    <time>2026-07-30T17:26:40Z</time>
    <speed>0.91999996</speed>
  </trkpt>
  <trkpt lat="50.718727" lon="-3.948443">
    <ele>330</ele>
    <time>2026-07-30T17:26:51Z</time>
    <speed>0.28</speed>
  </trkpt>
  <trkpt lat="50.718659" lon="-3.948340">
    <ele>336</ele>
    <time>2026-07-30T17:27:10Z</time>
    <speed>0.9</speed>
  </trkpt>
  <trkpt lat="50.718554" lon="-3.948209">
    <ele>332</ele>
    <time>2026-07-30T17:27:21Z</time>
    <speed>0.77</speed>
  </trkpt>
  <trkpt lat="50.718487" lon="-3.948033">
    <ele>339</ele>
    <time>2026-07-30T17:27:32Z</time>
    <speed>0.88</speed>
  </trkpt>
  <trkpt lat="50.718448" lon="-3.947896">
    <ele>357</ele>
    <time>2026-07-30T17:27:43Z</time>
    <speed>0.95</speed>
  </trkpt>
  <trkpt lat="50.718369" lon="-3.947818">
    <ele>336</ele>
    <time>2026-07-30T17:27:55Z</time>
    <speed>0.76</speed>
  </trkpt>
  <trkpt lat="50.718273" lon="-3.947818">
    <ele>342</ele>
    <time>2026-07-30T17:28:14Z</time>
    <speed>0.93</speed>
  </trkpt>
  <trkpt lat="50.718181" lon="-3.947689">
    <ele>344</ele>
    <time>2026-07-30T17:28:25Z</time>
    <speed>0.87</speed>
  </trkpt>
  <trkpt lat="50.718103" lon="-3.947597">
    <ele>344</ele>
    <time>2026-07-30T17:28:36Z</time>
    <speed>0.34</speed>
  </trkpt>
  <trkpt lat="50.718012" lon="-3.947521">
    <ele>344</ele>
    <time>2026-07-30T17:28:47Z</time>
    <speed>0.83</speed>
  </trkpt>
  <trkpt lat="50.717941" lon="-3.947401">
    <ele>338</ele>
    <time>2026-07-30T17:28:58Z</time>
    <speed>0.84</speed>
  </trkpt>
  <trkpt lat="50.717900" lon="-3.947269">
    <ele>342</ele>
    <time>2026-07-30T17:29:09Z</time>
    <speed>1.8399999</speed>
  </trkpt>
  <trkpt lat="50.717807" lon="-3.947136">
    <ele>345</ele>
    <time>2026-07-30T17:29:20Z</time>
    <speed>1.37</speed>
  </trkpt>
  <trkpt lat="50.717724" lon="-3.947055">
    <ele>350</ele>
    <time>2026-07-30T17:29:31Z</time>
    <speed>1.09</speed>
  </trkpt>
  <trkpt lat="50.717635" lon="-3.946958">
    <ele>346</ele>
    <time>2026-07-30T17:29:42Z</time>
    <speed>1.4499999</speed>
  </trkpt>
  <trkpt lat="50.717551" lon="-3.946883">
    <ele>348</ele>
    <time>2026-07-30T17:29:54Z</time>
    <speed>1.55</speed>
  </trkpt>
  <trkpt lat="50.717465" lon="-3.946772">
    <ele>346</ele>
    <time>2026-07-30T17:30:05Z</time>
    <speed>2.05</speed>
  </trkpt>
  <trkpt lat="50.717352" lon="-3.946629">
    <ele>349</ele>
    <time>2026-07-30T17:30:16Z</time>
    <speed>0.94</speed>
  </trkpt>
  <trkpt lat="50.717242" lon="-3.946638">
    <ele>351</ele>
    <time>2026-07-30T17:30:27Z</time>
    <speed>1.5</speed>
  </trkpt>
  <trkpt lat="50.717124" lon="-3.946556">
    <ele>349</ele>
    <time>2026-07-30T17:30:38Z</time>
    <speed>1.3399999</speed>
  </trkpt>
  <trkpt lat="50.717014" lon="-3.946471">
    <ele>349</ele>
    <time>2026-07-30T17:30:49Z</time>
    <speed>0.9</speed>
  </trkpt>
  <trkpt lat="50.716984" lon="-3.946277">
    <ele>351</ele>
    <time>2026-07-30T17:31:00Z</time>
    <speed>0.79999995</speed>
  </trkpt>
  <trkpt lat="50.716928" lon="-3.946159">
    <ele>353</ele>
    <time>2026-07-30T17:31:11Z</time>
    <speed>0.93</speed>
  </trkpt>
  <trkpt lat="50.716885" lon="-3.946027">
    <ele>354</ele>
    <time>2026-07-30T17:31:23Z</time>
    <speed>0.9</speed>
  </trkpt>
  <trkpt lat="50.716822" lon="-3.945908">
    <ele>355</ele>
    <time>2026-07-30T17:31:34Z</time>
    <speed>0.77</speed>
  </trkpt>
  <trkpt lat="50.716776" lon="-3.945746">
    <ele>354</ele>
    <time>2026-07-30T17:31:45Z</time>
    <speed>0.48999998</speed>
  </trkpt>
  <trkpt lat="50.716713" lon="-3.945629">
    <ele>355</ele>
    <time>2026-07-30T17:31:56Z</time>
    <speed>1.06</speed>
  </trkpt>
  <trkpt lat="50.716744" lon="-3.945469">
    <ele>356</ele>
    <time>2026-07-30T17:32:07Z</time>
    <speed>1.04</speed>
  </trkpt>
  <trkpt lat="50.716763" lon="-3.945326">
    <ele>358</ele>
    <time>2026-07-30T17:32:23Z</time>
    <speed>0.26999998</speed>
  </trkpt>
  <trkpt lat="50.716713" lon="-3.945204">
    <ele>363</ele>
    <time>2026-07-30T17:40:25Z</time>
    <speed>1.24</speed>
  </trkpt>
  <trkpt lat="50.716675" lon="-3.945010">
    <ele>362</ele>
    <time>2026-07-30T17:40:36Z</time>
    <speed>1.52</speed>
  </trkpt>
  <trkpt lat="50.716616" lon="-3.944888">
    <ele>358</ele>
    <time>2026-07-30T17:40:47Z</time>
    <speed>1.3199999</speed>
  </trkpt>
  <trkpt lat="50.716521" lon="-3.944787">
    <ele>363</ele>
    <time>2026-07-30T17:40:58Z</time>
    <speed>1.36</speed>
  </trkpt>
  <trkpt lat="50.716448" lon="-3.944686">
    <ele>365</ele>
    <time>2026-07-30T17:41:09Z</time>
    <speed>0.95</speed>
  </trkpt>
  <trkpt lat="50.716362" lon="-3.944548">
    <ele>365</ele>
    <time>2026-07-30T17:41:20Z</time>
    <speed>1.04</speed>
  </trkpt>
  <trkpt lat="50.716265" lon="-3.944422">
    <ele>364</ele>
    <time>2026-07-30T17:41:31Z</time>
    <speed>1.0699999</speed>
  </trkpt>
  <trkpt lat="50.716176" lon="-3.944341">
    <ele>365</ele>
    <time>2026-07-30T17:41:43Z</time>
    <speed>1.25</speed>
  </trkpt>
  <trkpt lat="50.716097" lon="-3.944158">
    <ele>366</ele>
    <time>2026-07-30T17:41:54Z</time>
    <speed>1.74</speed>
  </trkpt>
  <trkpt lat="50.716036" lon="-3.944041">
    <ele>361</ele>
    <time>2026-07-30T17:42:05Z</time>
    <speed>0.93</speed>
  </trkpt>
  <trkpt lat="50.715996" lon="-3.943866">
    <ele>369</ele>
    <time>2026-07-30T17:42:16Z</time>
    <speed>0.68</speed>
  </trkpt>
  <trkpt lat="50.715924" lon="-3.943764">
    <ele>363</ele>
    <time>2026-07-30T17:42:35Z</time>
    <speed>1.16</speed>
  </trkpt>
  <trkpt lat="50.715858" lon="-3.943612">
    <ele>368</ele>
    <time>2026-07-30T17:42:46Z</time>
    <speed>1.9</speed>
  </trkpt>
  <trkpt lat="50.715790" lon="-3.943443">
    <ele>371</ele>
    <time>2026-07-30T17:42:57Z</time>
    <speed>1.7199999</speed>
  </trkpt>
  <trkpt lat="50.715772" lon="-3.943281">
    <ele>374</ele>
    <time>2026-07-30T17:43:08Z</time>
    <speed>1.37</speed>
  </trkpt>
  <trkpt lat="50.715774" lon="-3.943045">
    <ele>372</ele>
    <time>2026-07-30T17:43:19Z</time>
    <speed>1.4</speed>
  </trkpt>
  <trkpt lat="50.715741" lon="-3.942847">
    <ele>369</ele>
    <time>2026-07-30T17:43:30Z</time>
    <speed>1.4599999</speed>
  </trkpt>
  <trkpt lat="50.715755" lon="-3.942673">
    <ele>378</ele>
    <time>2026-07-30T17:43:41Z</time>
    <speed>0.65</speed>
  </trkpt>
  <trkpt lat="50.715729" lon="-3.942525">
    <ele>368</ele>
    <time>2026-07-30T17:43:53Z</time>
    <speed>1.39</speed>
  </trkpt>
  <trkpt lat="50.715732" lon="-3.942339">
    <ele>374</ele>
    <time>2026-07-30T17:44:04Z</time>
    <speed>0.84999996</speed>
  </trkpt>
  <trkpt lat="50.715718" lon="-3.942173">
    <ele>375</ele>
    <time>2026-07-30T17:44:15Z</time>
    <speed>1.24</speed>
  </trkpt>
  <trkpt lat="50.715629" lon="-3.942126">
    <ele>377</ele>
    <time>2026-07-30T17:44:26Z</time>
    <speed>1.11</speed>
  </trkpt>
  <trkpt lat="50.715543" lon="-3.942027">
    <ele>371</ele>
    <time>2026-07-30T17:44:37Z</time>
    <speed>1.12</speed>
  </trkpt>
  <trkpt lat="50.715440" lon="-3.941947">
    <ele>379</ele>
    <time>2026-07-30T17:44:48Z</time>
    <speed>1.09</speed>
  </trkpt>
  <trkpt lat="50.715344" lon="-3.941829">
    <ele>376</ele>
    <time>2026-07-30T17:44:59Z</time>
    <speed>1.26</speed>
  </trkpt>
  <trkpt lat="50.715239" lon="-3.941732">
    <ele>379</ele>
    <time>2026-07-30T17:45:10Z</time>
    <speed>0.96999997</speed>
  </trkpt>
  <trkpt lat="50.715174" lon="-3.941588">
    <ele>371</ele>
    <time>2026-07-30T17:45:21Z</time>
    <speed>1.23</speed>
  </trkpt>
  <trkpt lat="50.715142" lon="-3.941402">
    <ele>380</ele>
    <time>2026-07-30T17:45:32Z</time>
    <speed>0.59</speed>
  </trkpt>
  <trkpt lat="50.715115" lon="-3.941266">
    <ele>381</ele>
    <time>2026-07-30T17:45:43Z</time>
    <speed>0.96</speed>
  </trkpt>
  <trkpt lat="50.715058" lon="-3.941134">
    <ele>384</ele>
    <time>2026-07-30T17:45:54Z</time>
    <speed>1.26</speed>
  </trkpt>
  <trkpt lat="50.715057" lon="-3.940970">
    <ele>380</ele>
    <time>2026-07-30T17:46:05Z</time>
    <speed>0.89</speed>
  </trkpt>
  <trkpt lat="50.715094" lon="-3.940789">
    <ele>386</ele>
    <time>2026-07-30T17:46:16Z</time>
    <speed>1.4399999</speed>
  </trkpt>
  <trkpt lat="50.715035" lon="-3.940645">
    <ele>385</ele>
    <time>2026-07-30T17:46:27Z</time>
    <speed>1.27</speed>
  </trkpt>
  <trkpt lat="50.714924" lon="-3.940554">
    <ele>387</ele>
    <time>2026-07-30T17:46:38Z</time>
    <speed>1.13</speed>
  </trkpt>
  <trkpt lat="50.714841" lon="-3.940478">
    <ele>386</ele>
    <time>2026-07-30T17:47:05Z</time>
    <speed>1.0699999</speed>
  </trkpt>
  <trkpt lat="50.714789" lon="-3.940344">
    <ele>384</ele>
    <time>2026-07-30T17:47:21Z</time>
    <speed>0.91999996</speed>
  </trkpt>
  <trkpt lat="50.714731" lon="-3.940177">
    <ele>388</ele>
    <time>2026-07-30T17:47:32Z</time>
    <speed>1.02</speed>
  </trkpt>
  <trkpt lat="50.714735" lon="-3.940034">
    <ele>384</ele>
    <time>2026-07-30T17:47:44Z</time>
    <speed>0.72999996</speed>
  </trkpt>
  <trkpt lat="50.714719" lon="-3.939892">
    <ele>383</ele>
    <time>2026-07-30T17:47:56Z</time>
    <speed>2.8</speed>
  </trkpt>
  <trkpt lat="50.714643" lon="-3.939770">
    <ele>390</ele>
    <time>2026-07-30T17:48:07Z</time>
    <speed>0.7</speed>
  </trkpt>
  <trkpt lat="50.714728" lon="-3.939682">
    <ele>390</ele>
    <time>2026-07-30T17:48:21Z</time>
    <speed>0.65</speed>
  </trkpt>
  <trkpt lat="50.714840" lon="-3.939661">
    <ele>392</ele>
    <time>2026-07-30T17:48:32Z</time>
    <speed>1.39</speed>
  </trkpt>
  <trkpt lat="50.714951" lon="-3.939611">
    <ele>385</ele>
    <time>2026-07-30T17:48:43Z</time>
    <speed>1.04</speed>
  </trkpt>
  <trkpt lat="50.715047" lon="-3.939589">
    <ele>391</ele>
    <time>2026-07-30T17:49:20Z</time>
    <speed>4.42</speed>
  </trkpt>
  <trkpt lat="50.715151" lon="-3.939569">
    <ele>390</ele>
    <time>2026-07-30T17:49:31Z</time>
    <speed>1.1899999</speed>
  </trkpt>
  <trkpt lat="50.715245" lon="-3.939475">
    <ele>385</ele>
    <time>2026-07-30T17:49:42Z</time>
    <speed>1.4</speed>
  </trkpt>
  <trkpt lat="50.715350" lon="-3.939432">
    <ele>385</ele>
    <time>2026-07-30T17:49:53Z</time>
    <speed>1.5699999</speed>
  </trkpt>
  <trkpt lat="50.715403" lon="-3.939304">
    <ele>394</ele>
    <time>2026-07-30T17:50:06Z</time>
    <speed>1.26</speed>
  </trkpt>
  <trkpt lat="50.715528" lon="-3.939233">
    <ele>394</ele>
    <time>2026-07-30T17:50:17Z</time>
    <speed>0.81</speed>
  </trkpt>
  <trkpt lat="50.715648" lon="-3.939164">
    <ele>394</ele>
    <time>2026-07-30T17:50:28Z</time>
    <speed>1.4499999</speed>
  </trkpt>
  <trkpt lat="50.715728" lon="-3.939052">
    <ele>393</ele>
    <time>2026-07-30T17:50:39Z</time>
    <speed>1.54</speed>
  </trkpt>
  <trkpt lat="50.715820" lon="-3.938930">
    <ele>393</ele>
    <time>2026-07-30T17:50:50Z</time>
    <speed>1.43</speed>
  </trkpt>
  <trkpt lat="50.715828" lon="-3.938772">
    <ele>392</ele>
    <time>2026-07-30T17:51:01Z</time>
    <speed>0.98999995</speed>
  </trkpt>
  <trkpt lat="50.715855" lon="-3.938588">
    <ele>397</ele>
    <time>2026-07-30T17:51:12Z</time>
    <speed>1.53</speed>
  </trkpt>
  <trkpt lat="50.715847" lon="-3.938407">
    <ele>397</ele>
    <time>2026-07-30T17:51:23Z</time>
    <speed>1.26</speed>
  </trkpt>
  <trkpt lat="50.715862" lon="-3.938229">
    <ele>402</ele>
    <time>2026-07-30T17:51:34Z</time>
    <speed>1.06</speed>
  </trkpt>
  <trkpt lat="50.715936" lon="-3.938109">
    <ele>399</ele>
    <time>2026-07-30T17:51:45Z</time>
    <speed>1.15</speed>
  </trkpt>
  <trkpt lat="50.715971" lon="-3.937928">
    <ele>395</ele>
    <time>2026-07-30T17:51:56Z</time>
    <speed>1.26</speed>
  </trkpt>
  <trkpt lat="50.716000" lon="-3.937715">
    <ele>401</ele>
    <time>2026-07-30T17:52:07Z</time>
    <speed>1.36</speed>
  </trkpt>
  <trkpt lat="50.715945" lon="-3.937572">
    <ele>405</ele>
    <time>2026-07-30T17:52:18Z</time>
    <speed>1.11</speed>
  </trkpt>
  <trkpt lat="50.715890" lon="-3.937389">
    <ele>402</ele>
    <time>2026-07-30T17:52:29Z</time>
    <speed>1.37</speed>
  </trkpt>
  <trkpt lat="50.715819" lon="-3.937228">
    <ele>402</ele>
    <time>2026-07-30T17:52:40Z</time>
    <speed>1.39</speed>
  </trkpt>
  <trkpt lat="50.715766" lon="-3.937078">
    <ele>407</ele>
    <time>2026-07-30T17:52:51Z</time>
    <speed>1.4699999</speed>
  </trkpt>
  <trkpt lat="50.715697" lon="-3.936969">
    <ele>402</ele>
    <time>2026-07-30T17:53:02Z</time>
    <speed>0.75</speed>
  </trkpt>
  <trkpt lat="50.715629" lon="-3.936801">
    <ele>407</ele>
    <time>2026-07-30T17:53:13Z</time>
    <speed>0.97999996</speed>
  </trkpt>
  <trkpt lat="50.715547" lon="-3.936715">
    <ele>412</ele>
    <time>2026-07-30T17:53:24Z</time>
    <speed>0.79999995</speed>
  </trkpt>
  <trkpt lat="50.715438" lon="-3.936613">
    <ele>406</ele>
    <time>2026-07-30T17:53:35Z</time>
    <speed>1.8499999</speed>
  </trkpt>
  <trkpt lat="50.715347" lon="-3.936591">
    <ele>409</ele>
    <time>2026-07-30T17:53:46Z</time>
    <speed>0.76</speed>
  </trkpt>
  <trkpt lat="50.715251" lon="-3.936566">
    <ele>411</ele>
    <time>2026-07-30T17:53:57Z</time>
    <speed>1.79</speed>
  </trkpt>
  <trkpt lat="50.715135" lon="-3.936557">
    <ele>417</ele>
    <time>2026-07-30T17:54:08Z</time>
    <speed>1.65</speed>
  </trkpt>
  <trkpt lat="50.715034" lon="-3.936524">
    <ele>420</ele>
    <time>2026-07-30T17:54:19Z</time>
    <speed>1.5</speed>
  </trkpt>
  <trkpt lat="50.714935" lon="-3.936509">
    <ele>418</ele>
    <time>2026-07-30T17:54:30Z</time>
    <speed>1.42</speed>
  </trkpt>
  <trkpt lat="50.714822" lon="-3.936487">
    <ele>421</ele>
    <time>2026-07-30T17:54:41Z</time>
    <speed>0.98999995</speed>
  </trkpt>
  <trkpt lat="50.714710" lon="-3.936429">
    <ele>424</ele>
    <time>2026-07-30T17:54:52Z</time>
    <speed>2.1599998</speed>
  </trkpt>
  <trkpt lat="50.714617" lon="-3.936426">
    <ele>419</ele>
    <time>2026-07-30T17:55:04Z</time>
    <speed>1.1999999</speed>
  </trkpt>
  <trkpt lat="50.714532" lon="-3.936339">
    <ele>427</ele>
    <time>2026-07-30T17:55:15Z</time>
    <speed>1.36</speed>
  </trkpt>
  <trkpt lat="50.714449" lon="-3.936267">
    <ele>427</ele>
    <time>2026-07-30T17:55:26Z</time>
    <speed>1.52</speed>
  </trkpt>
  <trkpt lat="50.714365" lon="-3.936197">
    <ele>429</ele>
    <time>2026-07-30T17:55:37Z</time>
    <speed>1.8399999</speed>
  </trkpt>
  <trkpt lat="50.714281" lon="-3.936140">
    <ele>432</ele>
    <time>2026-07-30T17:55:49Z</time>
    <speed>1.0</speed>
  </trkpt>
  <trkpt lat="50.714182" lon="-3.936154">
    <ele>434</ele>
    <time>2026-07-30T17:56:05Z</time>
    <speed>1.09</speed>
  </trkpt>
  <trkpt lat="50.714060" lon="-3.936085">
    <ele>426</ele>
    <time>2026-07-30T17:56:16Z</time>
    <speed>0.84999996</speed>
  </trkpt>
  <trkpt lat="50.713955" lon="-3.936069">
    <ele>431</ele>
    <time>2026-07-30T17:56:27Z</time>
    <speed>0.29999998</speed>
  </trkpt>
  <trkpt lat="50.713879" lon="-3.935984">
    <ele>433</ele>
    <time>2026-07-30T17:56:40Z</time>
    <speed>1.11</speed>
  </trkpt>
  <trkpt lat="50.713770" lon="-3.935895">
    <ele>428</ele>
    <time>2026-07-30T17:56:51Z</time>
    <speed>1.65</speed>
  </trkpt>
  <trkpt lat="50.713701" lon="-3.935765">
    <ele>440</ele>
    <time>2026-07-30T17:57:02Z</time>
    <speed>0.48</speed>
  </trkpt>
  <trkpt lat="50.713621" lon="-3.935691">
    <ele>440</ele>
    <time>2026-07-30T17:57:17Z</time>
    <speed>0.56</speed>
  </trkpt>
  <trkpt lat="50.713490" lon="-3.935705">
    <ele>432</ele>
    <time>2026-07-30T17:57:28Z</time>
    <speed>1.0699999</speed>
  </trkpt>
  <trkpt lat="50.713394" lon="-3.935724">
    <ele>444</ele>
    <time>2026-07-30T17:57:39Z</time>
    <speed>1.5799999</speed>
  </trkpt>
  <trkpt lat="50.713283" lon="-3.935761">
    <ele>436</ele>
    <time>2026-07-30T17:57:50Z</time>
    <speed>1.66</speed>
  </trkpt>
  <trkpt lat="50.713184" lon="-3.935750">
    <ele>442</ele>
    <time>2026-07-30T17:58:01Z</time>
    <speed>0.44</speed>
  </trkpt>
  <trkpt lat="50.713091" lon="-3.935765">
    <ele>446</ele>
    <time>2026-07-30T17:58:12Z</time>
    <speed>1.4599999</speed>
  </trkpt>
  <trkpt lat="50.712975" lon="-3.935799">
    <ele>441</ele>
    <time>2026-07-30T17:58:23Z</time>
    <speed>1.61</speed>
  </trkpt>
  <trkpt lat="50.712830" lon="-3.935862">
    <ele>446</ele>
    <time>2026-07-30T17:58:34Z</time>
    <speed>1.55</speed>
  </trkpt>
  <trkpt lat="50.712728" lon="-3.935844">
    <ele>441</ele>
    <time>2026-07-30T17:58:45Z</time>
    <speed>1.4499999</speed>
  </trkpt>
  <trkpt lat="50.712601" lon="-3.935841">
    <ele>442</ele>
    <time>2026-07-30T17:58:56Z</time>
    <speed>1.73</speed>
  </trkpt>
  <trkpt lat="50.712507" lon="-3.935791">
    <ele>447</ele>
    <time>2026-07-30T17:59:08Z</time>
    <speed>1.64</speed>
  </trkpt>
  <trkpt lat="50.712380" lon="-3.935758">
    <ele>448</ele>
    <time>2026-07-30T17:59:19Z</time>
    <speed>2.49</speed>
  </trkpt>
  <trkpt lat="50.712270" lon="-3.935785">
    <ele>449</ele>
    <time>2026-07-30T17:59:30Z</time>
    <speed>0.93</speed>
  </trkpt>
  <trkpt lat="50.712128" lon="-3.935777">
    <ele>449</ele>
    <time>2026-07-30T17:59:41Z</time>
    <speed>2.36</speed>
  </trkpt>
  <trkpt lat="50.711989" lon="-3.935792">
    <ele>446</ele>
    <time>2026-07-30T17:59:52Z</time>
    <speed>1.8</speed>
  </trkpt>
  <trkpt lat="50.711858" lon="-3.935792">
    <ele>446</ele>
    <time>2026-07-30T18:00:03Z</time>
    <speed>1.5</speed>
  </trkpt>
  <trkpt lat="50.711759" lon="-3.935785">
    <ele>451</ele>
    <time>2026-07-30T18:00:16Z</time>
    <speed>1.37</speed>
  </trkpt>
  <trkpt lat="50.711604" lon="-3.935784">
    <ele>448</ele>
    <time>2026-07-30T18:00:27Z</time>
    <speed>1.6899999</speed>
  </trkpt>
  <trkpt lat="50.711493" lon="-3.935832">
    <ele>449</ele>
    <time>2026-07-30T18:00:38Z</time>
    <speed>0.93</speed>
  </trkpt>
  <trkpt lat="50.711393" lon="-3.935817">
    <ele>447</ele>
    <time>2026-07-30T18:00:49Z</time>
    <speed>1.75</speed>
  </trkpt>
  <trkpt lat="50.711267" lon="-3.935816">
    <ele>449</ele>
    <time>2026-07-30T18:01:00Z</time>
    <speed>1.15</speed>
  </trkpt>
  <trkpt lat="50.711164" lon="-3.935779">
    <ele>452</ele>
    <time>2026-07-30T18:01:11Z</time>
    <speed>0.13</speed>
  </trkpt>
  <trkpt lat="50.711078" lon="-3.935724">
    <ele>450</ele>
    <time>2026-07-30T18:02:18Z</time>
    <speed>1.1</speed>
  </trkpt>
  <trkpt lat="50.710982" lon="-3.935764">
    <ele>452</ele>
    <time>2026-07-30T18:02:29Z</time>
    <speed>1.15</speed>
  </trkpt>
  <trkpt lat="50.710878" lon="-3.935807">
    <ele>445</ele>
    <time>2026-07-30T18:02:40Z</time>
    <speed>1.54</speed>
  </trkpt>
  <trkpt lat="50.710765" lon="-3.935827">
    <ele>454</ele>
    <time>2026-07-30T18:02:51Z</time>
    <speed>0.77</speed>
  </trkpt>
  <trkpt lat="50.710645" lon="-3.935889">
    <ele>451</ele>
    <time>2026-07-30T18:03:02Z</time>
    <speed>1.1899999</speed>
  </trkpt>
  <trkpt lat="50.710538" lon="-3.935902">
    <ele>455</ele>
    <time>2026-07-30T18:03:13Z</time>
    <speed>1.65</speed>
  </trkpt>
  <trkpt lat="50.710438" lon="-3.935915">
    <ele>449</ele>
    <time>2026-07-30T18:03:24Z</time>
    <speed>1.29</speed>
  </trkpt>
  <trkpt lat="50.710336" lon="-3.935938">
    <ele>456</ele>
    <time>2026-07-30T18:03:35Z</time>
    <speed>1.1</speed>
  </trkpt>
  <trkpt lat="50.710248" lon="-3.935998">
    <ele>451</ele>
    <time>2026-07-30T18:03:47Z</time>
    <speed>1.62</speed>
  </trkpt>
  <trkpt lat="50.710155" lon="-3.936029">
    <ele>455</ele>
    <time>2026-07-30T18:03:58Z</time>
    <speed>1.23</speed>
  </trkpt>
  <trkpt lat="50.710066" lon="-3.935952">
    <ele>454</ele>
    <time>2026-07-30T18:04:09Z</time>
    <speed>1.27</speed>
  </trkpt>
  <trkpt lat="50.709965" lon="-3.935908">
    <ele>458</ele>
    <time>2026-07-30T18:04:22Z</time>
    <speed>1.81</speed>
  </trkpt>
  <trkpt lat="50.709872" lon="-3.935893">
    <ele>462</ele>
    <time>2026-07-30T18:04:33Z</time>
    <speed>1.0799999</speed>
  </trkpt>
  <trkpt lat="50.709777" lon="-3.935871">
    <ele>464</ele>
    <time>2026-07-30T18:04:44Z</time>
    <speed>0.93</speed>
  </trkpt>
  <trkpt lat="50.709685" lon="-3.935831">
    <ele>462</ele>
    <time>2026-07-30T18:04:57Z</time>
    <speed>1.18</speed>
  </trkpt>
  <trkpt lat="50.709593" lon="-3.935877">
    <ele>465</ele>
    <time>2026-07-30T18:05:10Z</time>
    <speed>0.77</speed>
  </trkpt>
  <trkpt lat="50.709502" lon="-3.935829">
    <ele>468</ele>
    <time>2026-07-30T18:05:21Z</time>
    <speed>0.76</speed>
  </trkpt>
  <trkpt lat="50.709413" lon="-3.935794">
    <ele>467</ele>
    <time>2026-07-30T18:05:35Z</time>
    <speed>0.88</speed>
  </trkpt>
  <trkpt lat="50.709323" lon="-3.935819">
    <ele>468</ele>
    <time>2026-07-30T18:05:47Z</time>
    <speed>1.06</speed>
  </trkpt>
  <trkpt lat="50.709232" lon="-3.935792">
    <ele>469</ele>
    <time>2026-07-30T18:05:59Z</time>
    <speed>0.58</speed>
  </trkpt>
  <trkpt lat="50.709168" lon="-3.935667">
    <ele>470</ele>
    <time>2026-07-30T18:06:10Z</time>
    <speed>1.04</speed>
  </trkpt>
  <trkpt lat="50.709112" lon="-3.935554">
    <ele>474</ele>
    <time>2026-07-30T18:06:24Z</time>
    <speed>0.66999996</speed>
  </trkpt>
  <trkpt lat="50.709039" lon="-3.935461">
    <ele>477</ele>
    <time>2026-07-30T18:06:37Z</time>
    <speed>1.4599999</speed>
  </trkpt>
  <trkpt lat="50.708947" lon="-3.935429">
    <ele>477</ele>
    <time>2026-07-30T18:06:52Z</time>
    <speed>1.03</speed>
  </trkpt>
  <trkpt lat="50.708885" lon="-3.935308">
    <ele>470</ele>
    <time>2026-07-30T18:07:07Z</time>
    <speed>0.96999997</speed>
  </trkpt>
  <trkpt lat="50.708853" lon="-3.935170">
    <ele>478</ele>
    <time>2026-07-30T18:07:19Z</time>
    <speed>0.32</speed>
  </trkpt>
  <trkpt lat="50.708760" lon="-3.935171">
    <ele>482</ele>
    <time>2026-07-30T18:07:38Z</time>
    <speed>0.45999998</speed>
  </trkpt>
  <trkpt lat="50.708671" lon="-3.935199">
    <ele>482</ele>
    <time>2026-07-30T18:07:50Z</time>
    <speed>0.72999996</speed>
  </trkpt>
  <trkpt lat="50.708578" lon="-3.935218">
    <ele>485</ele>
    <time>2026-07-30T18:08:05Z</time>
    <speed>0.55</speed>
  </trkpt>
  <trkpt lat="50.708487" lon="-3.935179">
    <ele>481</ele>
    <time>2026-07-30T18:08:18Z</time>
    <speed>1.06</speed>
  </trkpt>
  <trkpt lat="50.708405" lon="-3.935108">
    <ele>487</ele>
    <time>2026-07-30T18:08:31Z</time>
    <speed>0.84999996</speed>
  </trkpt>
  <trkpt lat="50.708337" lon="-3.935005">
    <ele>481</ele>
    <time>2026-07-30T18:08:42Z</time>
    <speed>1.14</speed>
  </trkpt>
  <trkpt lat="50.708258" lon="-3.934917">
    <ele>489</ele>
    <time>2026-07-30T18:08:54Z</time>
    <speed>1.23</speed>
  </trkpt>
  <trkpt lat="50.708181" lon="-3.934805">
    <ele>491</ele>
    <time>2026-07-30T18:09:05Z</time>
    <speed>1.3199999</speed>
  </trkpt>
  <trkpt lat="50.708096" lon="-3.934731">
    <ele>493</ele>
    <time>2026-07-30T18:09:17Z</time>
    <speed>1.14</speed>
  </trkpt>
  <trkpt lat="50.708028" lon="-3.934583">
    <ele>490</ele>
    <time>2026-07-30T18:09:28Z</time>
    <speed>1.67</speed>
  </trkpt>
  <trkpt lat="50.707938" lon="-3.934482">
    <ele>497</ele>
    <time>2026-07-30T18:09:39Z</time>
    <speed>1.0799999</speed>
  </trkpt>
  <trkpt lat="50.707887" lon="-3.934362">
    <ele>493</ele>
    <time>2026-07-30T18:09:50Z</time>
    <speed>1.7099999</speed>
  </trkpt>
  <trkpt lat="50.707799" lon="-3.934278">
    <ele>497</ele>
    <time>2026-07-30T18:10:01Z</time>
    <speed>0.96999997</speed>
  </trkpt>
  <trkpt lat="50.707733" lon="-3.934166">
    <ele>499</ele>
    <time>2026-07-30T18:10:13Z</time>
    <speed>1.12</speed>
  </trkpt>
  <trkpt lat="50.707657" lon="-3.934039">
    <ele>501</ele>
    <time>2026-07-30T18:10:24Z</time>
    <speed>1.0699999</speed>
  </trkpt>
  <trkpt lat="50.707588" lon="-3.933943">
    <ele>501</ele>
    <time>2026-07-30T18:10:35Z</time>
    <speed>0.83</speed>
  </trkpt>
  <trkpt lat="50.707527" lon="-3.933833">
    <ele>501</ele>
    <time>2026-07-30T18:10:46Z</time>
    <speed>0.78999996</speed>
  </trkpt>
  <trkpt lat="50.707463" lon="-3.933719">
    <ele>502</ele>
    <time>2026-07-30T18:10:58Z</time>
    <speed>1.5</speed>
  </trkpt>
  <trkpt lat="50.707396" lon="-3.933619">
    <ele>503</ele>
    <time>2026-07-30T18:11:11Z</time>
    <speed>0.90999997</speed>
  </trkpt>
  <trkpt lat="50.707332" lon="-3.933511">
    <ele>501</ele>
    <time>2026-07-30T18:11:22Z</time>
    <speed>1.41</speed>
  </trkpt>
  <trkpt lat="50.707262" lon="-3.933420">
    <ele>505</ele>
    <time>2026-07-30T18:11:33Z</time>
    <speed>1.75</speed>
  </trkpt>
  <trkpt lat="50.707208" lon="-3.933281">
    <ele>502</ele>
    <time>2026-07-30T18:11:44Z</time>
    <speed>1.24</speed>
  </trkpt>
  <trkpt lat="50.707157" lon="-3.933145">
    <ele>501</ele>
    <time>2026-07-30T18:11:55Z</time>
    <speed>1.22</speed>
  </trkpt>
  <trkpt lat="50.707082" lon="-3.933062">
    <ele>507</ele>
    <time>2026-07-30T18:12:14Z</time>
    <speed>0.29</speed>
  </trkpt>
  <trkpt lat="50.707037" lon="-3.932937">
    <ele>508</ele>
    <time>2026-07-30T18:12:28Z</time>
    <speed>0.69</speed>
  </trkpt>
  <trkpt lat="50.706944" lon="-3.932944">
    <ele>505</ele>
    <time>2026-07-30T18:19:34Z</time>
    <speed>1.12</speed>
  </trkpt>
  <trkpt lat="50.706840" lon="-3.933028">
    <ele>504</ele>
    <time>2026-07-30T18:19:45Z</time>
    <speed>1.42</speed>
  </trkpt>
  <trkpt lat="50.706717" lon="-3.933085">
    <ele>508</ele>
    <time>2026-07-30T18:19:56Z</time>
    <speed>0.38</speed>
  </trkpt>
  <trkpt lat="50.706596" lon="-3.933100">
    <ele>504</ele>
    <time>2026-07-30T18:20:07Z</time>
    <speed>1.49</speed>
  </trkpt>
  <trkpt lat="50.706456" lon="-3.933123">
    <ele>514</ele>
    <time>2026-07-30T18:20:18Z</time>
    <speed>1.25</speed>
  </trkpt>
  <trkpt lat="50.706325" lon="-3.933178">
    <ele>503</ele>
    <time>2026-07-30T18:20:29Z</time>
    <speed>1.5899999</speed>
  </trkpt>
  <trkpt lat="50.706198" lon="-3.933210">
    <ele>498</ele>
    <time>2026-07-30T18:20:40Z</time>
    <speed>0.97999996</speed>
  </trkpt>
  <trkpt lat="50.706083" lon="-3.933306">
    <ele>507</ele>
    <time>2026-07-30T18:20:51Z</time>
    <speed>1.9599999</speed>
  </trkpt>
  <trkpt lat="50.705953" lon="-3.933339">
    <ele>501</ele>
    <time>2026-07-30T18:21:02Z</time>
    <speed>1.3299999</speed>
  </trkpt>
  <trkpt lat="50.705853" lon="-3.933417">
    <ele>501</ele>
    <time>2026-07-30T18:21:13Z</time>
    <speed>1.25</speed>
  </trkpt>
  <trkpt lat="50.705746" lon="-3.933479">
    <ele>499</ele>
    <time>2026-07-30T18:21:24Z</time>
    <speed>1.42</speed>
  </trkpt>
  <trkpt lat="50.705609" lon="-3.933480">
    <ele>498</ele>
    <time>2026-07-30T18:21:35Z</time>
    <speed>1.0799999</speed>
  </trkpt>
  <trkpt lat="50.705481" lon="-3.933498">
    <ele>492</ele>
    <time>2026-07-30T18:21:46Z</time>
    <speed>1.25</speed>
  </trkpt>
  <trkpt lat="50.705362" lon="-3.933491">
    <ele>491</ele>
    <time>2026-07-30T18:21:57Z</time>
    <speed>1.48</speed>
  </trkpt>
  <trkpt lat="50.705231" lon="-3.933464">
    <ele>492</ele>
    <time>2026-07-30T18:22:08Z</time>
    <speed>1.28</speed>
  </trkpt>
  <trkpt lat="50.705110" lon="-3.933515">
    <ele>495</ele>
    <time>2026-07-30T18:22:19Z</time>
    <speed>1.16</speed>
  </trkpt>
  <trkpt lat="50.704985" lon="-3.933551">
    <ele>490</ele>
    <time>2026-07-30T18:22:30Z</time>
    <speed>1.1899999</speed>
  </trkpt>
  <trkpt lat="50.704862" lon="-3.933531">
    <ele>490</ele>
    <time>2026-07-30T18:22:41Z</time>
    <speed>1.18</speed>
  </trkpt>
  <trkpt lat="50.704728" lon="-3.933536">
    <ele>488</ele>
    <time>2026-07-30T18:22:52Z</time>
    <speed>2.09</speed>
  </trkpt>
  <trkpt lat="50.704634" lon="-3.933533">
    <ele>486</ele>
    <time>2026-07-30T18:23:03Z</time>
    <speed>1.15</speed>
  </trkpt>
  <trkpt lat="50.704502" lon="-3.933576">
    <ele>485</ele>
    <time>2026-07-30T18:23:14Z</time>
    <speed>1.55</speed>
  </trkpt>
  <trkpt lat="50.704388" lon="-3.933595">
    <ele>485</ele>
    <time>2026-07-30T18:23:25Z</time>
    <speed>1.2099999</speed>
  </trkpt>
  <trkpt lat="50.704267" lon="-3.933615">
    <ele>481</ele>
    <time>2026-07-30T18:23:36Z</time>
    <speed>1.02</speed>
  </trkpt>
  <trkpt lat="50.704160" lon="-3.933679">
    <ele>479</ele>
    <time>2026-07-30T18:23:47Z</time>
    <speed>1.27</speed>
  </trkpt>
  <trkpt lat="50.704023" lon="-3.933706">
    <ele>478</ele>
    <time>2026-07-30T18:23:58Z</time>
    <speed>1.51</speed>
  </trkpt>
  <trkpt lat="50.703887" lon="-3.933713">
    <ele>479</ele>
    <time>2026-07-30T18:24:09Z</time>
    <speed>1.24</speed>
  </trkpt>
  <trkpt lat="50.703739" lon="-3.933730">
    <ele>473</ele>
    <time>2026-07-30T18:24:20Z</time>
    <speed>1.37</speed>
  </trkpt>
  <trkpt lat="50.703622" lon="-3.933742">
    <ele>474</ele>
    <time>2026-07-30T18:24:31Z</time>
    <speed>1.78</speed>
  </trkpt>
  <trkpt lat="50.703496" lon="-3.933781">
    <ele>472</ele>
    <time>2026-07-30T18:24:42Z</time>
    <speed>1.26</speed>
  </trkpt>
  <trkpt lat="50.703390" lon="-3.933812">
    <ele>471</ele>
    <time>2026-07-30T18:24:53Z</time>
    <speed>1.3399999</speed>
  </trkpt>
  <trkpt lat="50.703261" lon="-3.933848">
    <ele>468</ele>
    <time>2026-07-30T18:25:04Z</time>
    <speed>1.18</speed>
  </trkpt>
  <trkpt lat="50.703161" lon="-3.933857">
    <ele>469</ele>
    <time>2026-07-30T18:25:15Z</time>
    <speed>1.1899999</speed>
  </trkpt>
  <trkpt lat="50.703043" lon="-3.933895">
    <ele>464</ele>
    <time>2026-07-30T18:25:26Z</time>
    <speed>0.97999996</speed>
  </trkpt>
  <trkpt lat="50.702935" lon="-3.933955">
    <ele>464</ele>
    <time>2026-07-30T18:25:37Z</time>
    <speed>1.24</speed>
  </trkpt>
  <trkpt lat="50.702826" lon="-3.933975">
    <ele>464</ele>
    <time>2026-07-30T18:25:48Z</time>
    <speed>1.11</speed>
  </trkpt>
  <trkpt lat="50.702702" lon="-3.933989">
    <ele>463</ele>
    <time>2026-07-30T18:25:59Z</time>
    <speed>1.1899999</speed>
  </trkpt>
  <trkpt lat="50.702580" lon="-3.934032">
    <ele>458</ele>
    <time>2026-07-30T18:26:10Z</time>
    <speed>1.49</speed>
  </trkpt>
  <trkpt lat="50.702447" lon="-3.934019">
    <ele>460</ele>
    <time>2026-07-30T18:26:21Z</time>
    <speed>1.42</speed>
  </trkpt>
  <trkpt lat="50.702319" lon="-3.934050">
    <ele>458</ele>
    <time>2026-07-30T18:26:32Z</time>
    <speed>1.54</speed>
  </trkpt>
  <trkpt lat="50.702207" lon="-3.934098">
    <ele>458</ele>
    <time>2026-07-30T18:26:43Z</time>
    <speed>1.3199999</speed>
  </trkpt>
  <trkpt lat="50.702062" lon="-3.934170">
    <ele>456</ele>
    <time>2026-07-30T18:26:54Z</time>
    <speed>1.4699999</speed>
  </trkpt>
  <trkpt lat="50.701932" lon="-3.934231">
    <ele>455</ele>
    <time>2026-07-30T18:27:05Z</time>
    <speed>1.54</speed>
  </trkpt>
  <trkpt lat="50.701810" lon="-3.934304">
    <ele>451</ele>
    <time>2026-07-30T18:27:16Z</time>
    <speed>1.04</speed>
  </trkpt>
  <trkpt lat="50.701677" lon="-3.934364">
    <ele>454</ele>
    <time>2026-07-30T18:27:27Z</time>
    <speed>1.43</speed>
  </trkpt>
  <trkpt lat="50.701541" lon="-3.934443">
    <ele>453</ele>
    <time>2026-07-30T18:27:38Z</time>
    <speed>1.29</speed>
  </trkpt>
  <trkpt lat="50.701399" lon="-3.934504">
    <ele>453</ele>
    <time>2026-07-30T18:27:49Z</time>
    <speed>1.35</speed>
  </trkpt>
  <trkpt lat="50.701260" lon="-3.934568">
    <ele>452</ele>
    <time>2026-07-30T18:28:00Z</time>
    <speed>1.3299999</speed>
  </trkpt>
  <trkpt lat="50.701141" lon="-3.934609">
    <ele>452</ele>
    <time>2026-07-30T18:28:11Z</time>
    <speed>1.17</speed>
  </trkpt>
  <trkpt lat="50.701004" lon="-3.934703">
    <ele>449</ele>
    <time>2026-07-30T18:28:22Z</time>
    <speed>1.6899999</speed>
  </trkpt>
  <trkpt lat="50.700883" lon="-3.934759">
    <ele>449</ele>
    <time>2026-07-30T18:28:33Z</time>
    <speed>1.23</speed>
  </trkpt>
  <trkpt lat="50.700742" lon="-3.934812">
    <ele>448</ele>
    <time>2026-07-30T18:28:44Z</time>
    <speed>1.3399999</speed>
  </trkpt>
  <trkpt lat="50.700614" lon="-3.934838">
    <ele>449</ele>
    <time>2026-07-30T18:28:55Z</time>
    <speed>1.06</speed>
  </trkpt>
  <trkpt lat="50.700469" lon="-3.934866">
    <ele>447</ele>
    <time>2026-07-30T18:29:06Z</time>
    <speed>1.43</speed>
  </trkpt>
  <trkpt lat="50.700331" lon="-3.934869">
    <ele>443</ele>
    <time>2026-07-30T18:29:17Z</time>
    <speed>1.2099999</speed>
  </trkpt>
  <trkpt lat="50.700203" lon="-3.934887">
    <ele>446</ele>
    <time>2026-07-30T18:29:28Z</time>
    <speed>0.93</speed>
  </trkpt>
  <trkpt lat="50.700070" lon="-3.934829">
    <ele>446</ele>
    <time>2026-07-30T18:29:39Z</time>
    <speed>1.14</speed>
  </trkpt>
  <trkpt lat="50.699950" lon="-3.934849">
    <ele>445</ele>
    <time>2026-07-30T18:29:50Z</time>
    <speed>1.3399999</speed>
  </trkpt>
  <trkpt lat="50.699842" lon="-3.934901">
    <ele>445</ele>
    <time>2026-07-30T18:30:01Z</time>
    <speed>1.3299999</speed>
  </trkpt>
  <trkpt lat="50.699744" lon="-3.935031">
    <ele>437</ele>
    <time>2026-07-30T18:30:12Z</time>
    <speed>1.66</speed>
  </trkpt>
  <trkpt lat="50.699638" lon="-3.935114">
    <ele>447</ele>
    <time>2026-07-30T18:30:23Z</time>
    <speed>1.38</speed>
  </trkpt>
  <trkpt lat="50.699505" lon="-3.935138">
    <ele>443</ele>
    <time>2026-07-30T18:30:34Z</time>
    <speed>1.4</speed>
  </trkpt>
  <trkpt lat="50.699370" lon="-3.935179">
    <ele>445</ele>
    <time>2026-07-30T18:30:45Z</time>
    <speed>1.16</speed>
  </trkpt>
  <trkpt lat="50.699224" lon="-3.935192">
    <ele>442</ele>
    <time>2026-07-30T18:30:56Z</time>
    <speed>1.78</speed>
  </trkpt>
  <trkpt lat="50.699091" lon="-3.935206">
    <ele>444</ele>
    <time>2026-07-30T18:31:07Z</time>
    <speed>1.5799999</speed>
  </trkpt>
  <trkpt lat="50.698970" lon="-3.935219">
    <ele>441</ele>
    <time>2026-07-30T18:31:18Z</time>
    <speed>1.11</speed>
  </trkpt>
  <trkpt lat="50.698831" lon="-3.935271">
    <ele>440</ele>
    <time>2026-07-30T18:31:29Z</time>
    <speed>1.66</speed>
  </trkpt>
  <trkpt lat="50.698690" lon="-3.935303">
    <ele>440</ele>
    <time>2026-07-30T18:31:40Z</time>
    <speed>1.25</speed>
  </trkpt>
  <trkpt lat="50.698563" lon="-3.935320">
    <ele>435</ele>
    <time>2026-07-30T18:31:51Z</time>
    <speed>0.71999997</speed>
  </trkpt>
  <trkpt lat="50.698421" lon="-3.935370">
    <ele>439</ele>
    <time>2026-07-30T18:32:02Z</time>
    <speed>1.3</speed>
  </trkpt>
  <trkpt lat="50.698293" lon="-3.935425">
    <ele>437</ele>
    <time>2026-07-30T18:32:13Z</time>
    <speed>1.3199999</speed>
  </trkpt>
  <trkpt lat="50.698166" lon="-3.935457">
    <ele>433</ele>
    <time>2026-07-30T18:32:24Z</time>
    <speed>1.79</speed>
  </trkpt>
  <trkpt lat="50.698022" lon="-3.935504">
    <ele>439</ele>
    <time>2026-07-30T18:32:35Z</time>
    <speed>1.2099999</speed>
  </trkpt>
  <trkpt lat="50.697917" lon="-3.935583">
    <ele>434</ele>
    <time>2026-07-30T18:32:46Z</time>
    <speed>1.65</speed>
  </trkpt>
  <trkpt lat="50.697775" lon="-3.935685">
    <ele>436</ele>
    <time>2026-07-30T18:32:57Z</time>
    <speed>1.4699999</speed>
  </trkpt>
  <trkpt lat="50.697662" lon="-3.935720">
    <ele>433</ele>
    <time>2026-07-30T18:33:08Z</time>
    <speed>1.27</speed>
  </trkpt>
  <trkpt lat="50.697532" lon="-3.935800">
    <ele>435</ele>
    <time>2026-07-30T18:33:19Z</time>
    <speed>0.75</speed>
  </trkpt>
  <trkpt lat="50.697390" lon="-3.935844">
    <ele>434</ele>
    <time>2026-07-30T18:33:30Z</time>
    <speed>1.29</speed>
  </trkpt>
  <trkpt lat="50.697268" lon="-3.935888">
    <ele>431</ele>
    <time>2026-07-30T18:33:41Z</time>
    <speed>1.75</speed>
  </trkpt>
  <trkpt lat="50.697124" lon="-3.935946">
    <ele>435</ele>
    <time>2026-07-30T18:33:52Z</time>
    <speed>1.92</speed>
  </trkpt>
  <trkpt lat="50.696995" lon="-3.935939">
    <ele>432</ele>
    <time>2026-07-30T18:34:03Z</time>
    <speed>1.31</speed>
  </trkpt>
  <trkpt lat="50.696842" lon="-3.936040">
    <ele>433</ele>
    <time>2026-07-30T18:34:14Z</time>
    <speed>1.4</speed>
  </trkpt>
  <trkpt lat="50.696748" lon="-3.936026">
    <ele>433</ele>
    <time>2026-07-30T18:37:50Z</time>
    <speed>1.04</speed>
  </trkpt>
  <trkpt lat="50.696626" lon="-3.936065">
    <ele>431</ele>
    <time>2026-07-30T18:38:01Z</time>
    <speed>1.36</speed>
  </trkpt>
  <trkpt lat="50.696508" lon="-3.936081">
    <ele>431</ele>
    <time>2026-07-30T18:38:12Z</time>
    <speed>1.28</speed>
  </trkpt>
  <trkpt lat="50.696371" lon="-3.936047">
    <ele>432</ele>
    <time>2026-07-30T18:38:23Z</time>
    <speed>1.4399999</speed>
  </trkpt>
  <trkpt lat="50.696238" lon="-3.936067">
    <ele>430</ele>
    <time>2026-07-30T18:38:34Z</time>
    <speed>1.3399999</speed>
  </trkpt>
  <trkpt lat="50.696115" lon="-3.936130">
    <ele>433</ele>
    <time>2026-07-30T18:38:45Z</time>
    <speed>1.23</speed>
  </trkpt>
  <trkpt lat="50.696004" lon="-3.936113">
    <ele>432</ele>
    <time>2026-07-30T18:38:56Z</time>
    <speed>1.17</speed>
  </trkpt>
  <trkpt lat="50.695893" lon="-3.936123">
    <ele>433</ele>
    <time>2026-07-30T18:39:07Z</time>
    <speed>1.2099999</speed>
  </trkpt>
  <trkpt lat="50.695756" lon="-3.936182">
    <ele>435</ele>
    <time>2026-07-30T18:39:18Z</time>
    <speed>0.96999997</speed>
  </trkpt>
  <trkpt lat="50.695642" lon="-3.936207">
    <ele>428</ele>
    <time>2026-07-30T18:39:29Z</time>
    <speed>1.43</speed>
  </trkpt>
  <trkpt lat="50.695511" lon="-3.936247">
    <ele>437</ele>
    <time>2026-07-30T18:39:40Z</time>
    <speed>1.4499999</speed>
  </trkpt>
  <trkpt lat="50.695387" lon="-3.936249">
    <ele>438</ele>
    <time>2026-07-30T18:39:51Z</time>
    <speed>1.18</speed>
  </trkpt>
  <trkpt lat="50.695261" lon="-3.936250">
    <ele>436</ele>
    <time>2026-07-30T18:40:02Z</time>
    <speed>1.56</speed>
  </trkpt>
  <trkpt lat="50.695143" lon="-3.936267">
    <ele>438</ele>
    <time>2026-07-30T18:40:13Z</time>
    <speed>1.3199999</speed>
  </trkpt>
  <trkpt lat="50.695012" lon="-3.936289">
    <ele>440</ele>
    <time>2026-07-30T18:40:24Z</time>
    <speed>1.4399999</speed>
  </trkpt>
  <trkpt lat="50.694882" lon="-3.936343">
    <ele>443</ele>
    <time>2026-07-30T18:40:35Z</time>
    <speed>0.78999996</speed>
  </trkpt>
  <trkpt lat="50.694750" lon="-3.936389">
    <ele>437</ele>
    <time>2026-07-30T18:40:46Z</time>
    <speed>1.43</speed>
  </trkpt>
  <trkpt lat="50.694629" lon="-3.936418">
    <ele>443</ele>
    <time>2026-07-30T18:40:57Z</time>
    <speed>1.09</speed>
  </trkpt>
  <trkpt lat="50.694511" lon="-3.936470">
    <ele>445</ele>
    <time>2026-07-30T18:41:08Z</time>
    <speed>1.41</speed>
  </trkpt>
  <trkpt lat="50.694393" lon="-3.936535">
    <ele>445</ele>
    <time>2026-07-30T18:41:19Z</time>
    <speed>1.18</speed>
  </trkpt>
  <trkpt lat="50.694269" lon="-3.936570">
    <ele>447</ele>
    <time>2026-07-30T18:41:30Z</time>
    <speed>1.23</speed>
  </trkpt>
  <trkpt lat="50.694138" lon="-3.936619">
    <ele>439</ele>
    <time>2026-07-30T18:41:41Z</time>
    <speed>1.39</speed>
  </trkpt>
  <trkpt lat="50.693997" lon="-3.936632">
    <ele>445</ele>
    <time>2026-07-30T18:41:52Z</time>
    <speed>1.14</speed>
  </trkpt>
  <trkpt lat="50.693875" lon="-3.936657">
    <ele>446</ele>
    <time>2026-07-30T18:42:03Z</time>
    <speed>0.96</speed>
  </trkpt>
  <trkpt lat="50.693744" lon="-3.936685">
    <ele>447</ele>
    <time>2026-07-30T18:42:14Z</time>
    <speed>1.28</speed>
  </trkpt>
  <trkpt lat="50.693621" lon="-3.936713">
    <ele>449</ele>
    <time>2026-07-30T18:42:25Z</time>
    <speed>1.43</speed>
  </trkpt>
  <trkpt lat="50.693486" lon="-3.936739">
    <ele>446</ele>
    <time>2026-07-30T18:42:36Z</time>
    <speed>1.5</speed>
  </trkpt>
  <trkpt lat="50.693363" lon="-3.936771">
    <ele>445</ele>
    <time>2026-07-30T18:42:47Z</time>
    <speed>1.49</speed>
  </trkpt>
  <trkpt lat="50.693240" lon="-3.936828">
    <ele>445</ele>
    <time>2026-07-30T18:42:58Z</time>
    <speed>1.4499999</speed>
  </trkpt>
  <trkpt lat="50.693119" lon="-3.936876">
    <ele>439</ele>
    <time>2026-07-30T18:43:09Z</time>
    <speed>1.5899999</speed>
  </trkpt>
  <trkpt lat="50.692982" lon="-3.936889">
    <ele>447</ele>
    <time>2026-07-30T18:43:20Z</time>
    <speed>1.3199999</speed>
  </trkpt>
  <trkpt lat="50.692863" lon="-3.936895">
    <ele>447</ele>
    <time>2026-07-30T18:43:31Z</time>
    <speed>1.01</speed>
  </trkpt>
  <trkpt lat="50.692750" lon="-3.936923">
    <ele>447</ele>
    <time>2026-07-30T18:43:42Z</time>
    <speed>0.90999997</speed>
  </trkpt>
  <trkpt lat="50.692646" lon="-3.937002">
    <ele>440</ele>
    <time>2026-07-30T18:43:53Z</time>
    <speed>1.35</speed>
  </trkpt>
  <trkpt lat="50.692531" lon="-3.937070">
    <ele>445</ele>
    <time>2026-07-30T18:44:04Z</time>
    <speed>1.29</speed>
  </trkpt>
  <trkpt lat="50.692416" lon="-3.937115">
    <ele>444</ele>
    <time>2026-07-30T18:44:15Z</time>
    <speed>1.1999999</speed>
  </trkpt>
  <trkpt lat="50.692309" lon="-3.937141">
    <ele>443</ele>
    <time>2026-07-30T18:44:26Z</time>
    <speed>0.76</speed>
  </trkpt>
  <trkpt lat="50.692186" lon="-3.937173">
    <ele>443</ele>
    <time>2026-07-30T18:44:37Z</time>
    <speed>1.3199999</speed>
  </trkpt>
  <trkpt lat="50.692057" lon="-3.937191">
    <ele>443</ele>
    <time>2026-07-30T18:44:48Z</time>
    <speed>1.4599999</speed>
  </trkpt>
  <trkpt lat="50.691929" lon="-3.937196">
    <ele>443</ele>
    <time>2026-07-30T18:44:59Z</time>
    <speed>1.73</speed>
  </trkpt>
  <trkpt lat="50.691830" lon="-3.937181">
    <ele>437</ele>
    <time>2026-07-30T18:45:10Z</time>
    <speed>0.93</speed>
  </trkpt>
  <trkpt lat="50.691732" lon="-3.937193">
    <ele>437</ele>
    <time>2026-07-30T18:45:22Z</time>
    <speed>1.41</speed>
  </trkpt>
  <trkpt lat="50.691639" lon="-3.937218">
    <ele>439</ele>
    <time>2026-07-30T18:45:35Z</time>
    <speed>1.04</speed>
  </trkpt>
  <trkpt lat="50.691516" lon="-3.937240">
    <ele>435</ele>
    <time>2026-07-30T18:45:46Z</time>
    <speed>1.22</speed>
  </trkpt>
  <trkpt lat="50.691403" lon="-3.937274">
    <ele>434</ele>
    <time>2026-07-30T18:45:57Z</time>
    <speed>0.77</speed>
  </trkpt>
  <trkpt lat="50.691283" lon="-3.937276">
    <ele>436</ele>
    <time>2026-07-30T18:46:08Z</time>
    <speed>1.17</speed>
  </trkpt>
  <trkpt lat="50.691153" lon="-3.937265">
    <ele>431</ele>
    <time>2026-07-30T18:46:19Z</time>
    <speed>1.51</speed>
  </trkpt>
  <trkpt lat="50.691021" lon="-3.937253">
    <ele>435</ele>
    <time>2026-07-30T18:46:30Z</time>
    <speed>1.41</speed>
  </trkpt>
  <trkpt lat="50.690889" lon="-3.937247">
    <ele>435</ele>
    <time>2026-07-30T18:46:41Z</time>
    <speed>1.31</speed>
  </trkpt>
  <trkpt lat="50.690756" lon="-3.937225">
    <ele>432</ele>
    <time>2026-07-30T18:46:52Z</time>
    <speed>1.5699999</speed>
  </trkpt>
  <trkpt lat="50.690628" lon="-3.937187">
    <ele>433</ele>
    <time>2026-07-30T18:47:03Z</time>
    <speed>1.29</speed>
  </trkpt>
  <trkpt lat="50.690506" lon="-3.937131">
    <ele>429</ele>
    <time>2026-07-30T18:47:14Z</time>
    <speed>1.17</speed>
  </trkpt>
  <trkpt lat="50.690393" lon="-3.937101">
    <ele>428</ele>
    <time>2026-07-30T18:47:25Z</time>
    <speed>0.98999995</speed>
  </trkpt>
  <trkpt lat="50.690273" lon="-3.937129">
    <ele>430</ele>
    <time>2026-07-30T18:47:36Z</time>
    <speed>1.09</speed>
  </trkpt>
  <trkpt lat="50.690162" lon="-3.937079">
    <ele>430</ele>
    <time>2026-07-30T18:47:47Z</time>
    <speed>1.05</speed>
  </trkpt>
  <trkpt lat="50.690062" lon="-3.937053">
    <ele>428</ele>
    <time>2026-07-30T18:47:58Z</time>
    <speed>1.1899999</speed>
  </trkpt>
  <trkpt lat="50.689976" lon="-3.936992">
    <ele>427</ele>
    <time>2026-07-30T18:48:35Z</time>
    <speed>1.11</speed>
  </trkpt>
  <trkpt lat="50.690149" lon="-3.936920">
    <ele>427</ele>
    <time>2026-07-30T18:56:57Z</time>
    <speed>0.06</speed>
  </trkpt>
  <trkpt lat="50.690100" lon="-3.937068">
    <ele>427</ele>
    <time>2026-07-30T18:57:20Z</time>
    <speed>0.79999995</speed>
  </trkpt>
  <trkpt lat="50.689914" lon="-3.936988">
    <ele>428</ele>
    <time>2026-07-30T18:57:31Z</time>
    <speed>0.01</speed>
  </trkpt>
  <trkpt lat="50.689999" lon="-3.937040">
    <ele>430</ele>
    <time>2026-07-30T19:02:50Z</time>
    <speed>1.0799999</speed>
  </trkpt>
  <trkpt lat="50.690089" lon="-3.937186">
    <ele>416</ele>
    <time>2026-07-30T19:03:01Z</time>
    <speed>1.8399999</speed>
  </trkpt>
  <trkpt lat="50.690140" lon="-3.937355">
    <ele>423</ele>
    <time>2026-07-30T19:03:12Z</time>
    <speed>0.87</speed>
  </trkpt>
  <trkpt lat="50.690173" lon="-3.937519">
    <ele>423</ele>
    <time>2026-07-30T19:03:23Z</time>
    <speed>1.61</speed>
  </trkpt>
  <trkpt lat="50.690174" lon="-3.937667">
    <ele>426</ele>
    <time>2026-07-30T19:03:39Z</time>
    <speed>0.9</speed>
  </trkpt>
  <trkpt lat="50.690180" lon="-3.937822">
    <ele>430</ele>
    <time>2026-07-30T19:03:50Z</time>
    <speed>1.1</speed>
  </trkpt>
  <trkpt lat="50.690205" lon="-3.937990">
    <ele>430</ele>
    <time>2026-07-30T19:04:01Z</time>
    <speed>1.24</speed>
  </trkpt>
  <trkpt lat="50.690244" lon="-3.938162">
    <ele>424</ele>
    <time>2026-07-30T19:04:12Z</time>
    <speed>1.36</speed>
  </trkpt>
  <trkpt lat="50.690300" lon="-3.938328">
    <ele>428</ele>
    <time>2026-07-30T19:04:23Z</time>
    <speed>1.04</speed>
  </trkpt>
  <trkpt lat="50.690369" lon="-3.938472">
    <ele>424</ele>
    <time>2026-07-30T19:04:34Z</time>
    <speed>1.29</speed>
  </trkpt>
  <trkpt lat="50.690446" lon="-3.938566">
    <ele>424</ele>
    <time>2026-07-30T19:04:45Z</time>
    <speed>1.1899999</speed>
  </trkpt>
  <trkpt lat="50.690508" lon="-3.938716">
    <ele>425</ele>
    <time>2026-07-30T19:04:56Z</time>
    <speed>1.13</speed>
  </trkpt>
  <trkpt lat="50.690592" lon="-3.938861">
    <ele>422</ele>
    <time>2026-07-30T19:05:07Z</time>
    <speed>1.3</speed>
  </trkpt>
  <trkpt lat="50.690688" lon="-3.938967">
    <ele>421</ele>
    <time>2026-07-30T19:05:18Z</time>
    <speed>1.4699999</speed>
  </trkpt>
  <trkpt lat="50.690800" lon="-3.939049">
    <ele>420</ele>
    <time>2026-07-30T19:05:29Z</time>
    <speed>1.3</speed>
  </trkpt>
  <trkpt lat="50.690901" lon="-3.939060">
    <ele>412</ele>
    <time>2026-07-30T19:05:40Z</time>
    <speed>1.5</speed>
  </trkpt>
  <trkpt lat="50.690983" lon="-3.939134">
    <ele>419</ele>
    <time>2026-07-30T19:05:51Z</time>
    <speed>1.3399999</speed>
  </trkpt>
  <trkpt lat="50.691073" lon="-3.939195">
    <ele>416</ele>
    <time>2026-07-30T19:06:02Z</time>
    <speed>0.95</speed>
  </trkpt>
  <trkpt lat="50.691154" lon="-3.939289">
    <ele>412</ele>
    <time>2026-07-30T19:06:13Z</time>
    <speed>0.84999996</speed>
  </trkpt>
  <trkpt lat="50.691236" lon="-3.939386">
    <ele>387</ele>
    <time>2026-07-30T19:06:24Z</time>
    <speed>2.6599998</speed>
  </trkpt>
  <trkpt lat="50.691358" lon="-3.939392">
    <ele>411</ele>
    <time>2026-07-30T19:06:35Z</time>
    <speed>1.4399999</speed>
  </trkpt>
  <trkpt lat="50.691466" lon="-3.939397">
    <ele>412</ele>
    <time>2026-07-30T19:06:46Z</time>
    <speed>1.03</speed>
  </trkpt>
  <trkpt lat="50.691587" lon="-3.939454">
    <ele>419</ele>
    <time>2026-07-30T19:06:57Z</time>
    <speed>0.64</speed>
  </trkpt>
  <trkpt lat="50.691684" lon="-3.939554">
    <ele>413</ele>
    <time>2026-07-30T19:07:08Z</time>
    <speed>1.6899999</speed>
  </trkpt>
  <trkpt lat="50.691778" lon="-3.939565">
    <ele>411</ele>
    <time>2026-07-30T19:07:20Z</time>
    <speed>1.35</speed>
  </trkpt>
  <trkpt lat="50.691886" lon="-3.939681">
    <ele>402</ele>
    <time>2026-07-30T19:07:31Z</time>
    <speed>1.13</speed>
  </trkpt>
  <trkpt lat="50.691984" lon="-3.939734">
    <ele>401</ele>
    <time>2026-07-30T19:07:44Z</time>
    <speed>1.63</speed>
  </trkpt>
  <trkpt lat="50.692096" lon="-3.939814">
    <ele>409</ele>
    <time>2026-07-30T19:07:55Z</time>
    <speed>1.25</speed>
  </trkpt>
  <trkpt lat="50.692184" lon="-3.939899">
    <ele>396</ele>
    <time>2026-07-30T19:08:06Z</time>
    <speed>1.29</speed>
  </trkpt>
  <trkpt lat="50.692278" lon="-3.939991">
    <ele>405</ele>
    <time>2026-07-30T19:08:17Z</time>
    <speed>1.3199999</speed>
  </trkpt>
  <trkpt lat="50.692394" lon="-3.940074">
    <ele>399</ele>
    <time>2026-07-30T19:08:28Z</time>
    <speed>1.4</speed>
  </trkpt>
  <trkpt lat="50.692512" lon="-3.940159">
    <ele>399</ele>
    <time>2026-07-30T19:08:39Z</time>
    <speed>1.26</speed>
  </trkpt>
  <trkpt lat="50.692622" lon="-3.940231">
    <ele>397</ele>
    <time>2026-07-30T19:08:50Z</time>
    <speed>1.04</speed>
  </trkpt>
  <trkpt lat="50.692723" lon="-3.940271">
    <ele>396</ele>
    <time>2026-07-30T19:09:01Z</time>
    <speed>1.05</speed>
  </trkpt>
  <trkpt lat="50.692814" lon="-3.940364">
    <ele>394</ele>
    <time>2026-07-30T19:09:12Z</time>
    <speed>1.27</speed>
  </trkpt>
  <trkpt lat="50.692921" lon="-3.940449">
    <ele>393</ele>
    <time>2026-07-30T19:09:23Z</time>
    <speed>1.26</speed>
  </trkpt>
  <trkpt lat="50.693029" lon="-3.940546">
    <ele>388</ele>
    <time>2026-07-30T19:09:34Z</time>
    <speed>1.15</speed>
  </trkpt>
  <trkpt lat="50.693130" lon="-3.940639">
    <ele>391</ele>
    <time>2026-07-30T19:09:45Z</time>
    <speed>1.31</speed>
  </trkpt>
  <trkpt lat="50.693249" lon="-3.940721">
    <ele>387</ele>
    <time>2026-07-30T19:09:56Z</time>
    <speed>1.38</speed>
  </trkpt>
  <trkpt lat="50.693358" lon="-3.940757">
    <ele>384</ele>
    <time>2026-07-30T19:10:07Z</time>
    <speed>0.82</speed>
  </trkpt>
  <trkpt lat="50.693466" lon="-3.940852">
    <ele>387</ele>
    <time>2026-07-30T19:10:18Z</time>
    <speed>1.24</speed>
  </trkpt>
  <trkpt lat="50.693583" lon="-3.940942">
    <ele>387</ele>
    <time>2026-07-30T19:10:29Z</time>
    <speed>1.66</speed>
  </trkpt>
  <trkpt lat="50.693702" lon="-3.941004">
    <ele>386</ele>
    <time>2026-07-30T19:10:40Z</time>
    <speed>1.54</speed>
  </trkpt>
  <trkpt lat="50.693820" lon="-3.941043">
    <ele>381</ele>
    <time>2026-07-30T19:10:51Z</time>
    <speed>1.24</speed>
  </trkpt>
  <trkpt lat="50.693939" lon="-3.941066">
    <ele>381</ele>
    <time>2026-07-30T19:11:02Z</time>
    <speed>1.27</speed>
  </trkpt>
  <trkpt lat="50.694043" lon="-3.941123">
    <ele>379</ele>
    <time>2026-07-30T19:11:13Z</time>
    <speed>0.87</speed>
  </trkpt>
  <trkpt lat="50.694160" lon="-3.941219">
    <ele>382</ele>
    <time>2026-07-30T19:11:24Z</time>
    <speed>1.11</speed>
  </trkpt>
  <trkpt lat="50.694251" lon="-3.941298">
    <ele>377</ele>
    <time>2026-07-30T19:11:35Z</time>
    <speed>1.39</speed>
  </trkpt>
  <trkpt lat="50.694351" lon="-3.941428">
    <ele>382</ele>
    <time>2026-07-30T19:11:46Z</time>
    <speed>1.09</speed>
  </trkpt>
  <trkpt lat="50.694442" lon="-3.941521">
    <ele>380</ele>
    <time>2026-07-30T19:11:57Z</time>
    <speed>0.84</speed>
  </trkpt>
  <trkpt lat="50.694524" lon="-3.941675">
    <ele>377</ele>
    <time>2026-07-30T19:12:08Z</time>
    <speed>1.09</speed>
  </trkpt>
  <trkpt lat="50.694598" lon="-3.941761">
    <ele>372</ele>
    <time>2026-07-30T19:12:19Z</time>
    <speed>0.62</speed>
  </trkpt>
  <trkpt lat="50.694690" lon="-3.941797">
    <ele>379</ele>
    <time>2026-07-30T19:12:30Z</time>
    <speed>0.87</speed>
  </trkpt>
  <trkpt lat="50.694708" lon="-3.941938">
    <ele>376</ele>
    <time>2026-07-30T19:12:47Z</time>
    <speed>0.64</speed>
  </trkpt>
  <trkpt lat="50.694793" lon="-3.941998">
    <ele>378</ele>
    <time>2026-07-30T19:13:03Z</time>
    <speed>0.71</speed>
  </trkpt>
  <trkpt lat="50.694827" lon="-3.942173">
    <ele>379</ele>
    <time>2026-07-30T19:13:14Z</time>
    <speed>1.1999999</speed>
  </trkpt>
  <trkpt lat="50.694933" lon="-3.942232">
    <ele>377</ele>
    <time>2026-07-30T19:13:25Z</time>
    <speed>1.36</speed>
  </trkpt>
  <trkpt lat="50.695001" lon="-3.942397">
    <ele>377</ele>
    <time>2026-07-30T19:13:36Z</time>
    <speed>1.12</speed>
  </trkpt>
  <trkpt lat="50.695052" lon="-3.942569">
    <ele>375</ele>
    <time>2026-07-30T19:13:47Z</time>
    <speed>0.90999997</speed>
  </trkpt>
  <trkpt lat="50.695126" lon="-3.942717">
    <ele>375</ele>
    <time>2026-07-30T19:13:58Z</time>
    <speed>1.02</speed>
  </trkpt>
  <trkpt lat="50.695212" lon="-3.942838">
    <ele>370</ele>
    <time>2026-07-30T19:14:09Z</time>
    <speed>1.26</speed>
  </trkpt>
  <trkpt lat="50.695319" lon="-3.942959">
    <ele>374</ele>
    <time>2026-07-30T19:14:20Z</time>
    <speed>1.16</speed>
  </trkpt>
  <trkpt lat="50.695408" lon="-3.943088">
    <ele>371</ele>
    <time>2026-07-30T19:14:31Z</time>
    <speed>1.13</speed>
  </trkpt>
  <trkpt lat="50.695508" lon="-3.943198">
    <ele>373</ele>
    <time>2026-07-30T19:14:42Z</time>
    <speed>1.09</speed>
  </trkpt>
  <trkpt lat="50.695605" lon="-3.943298">
    <ele>372</ele>
    <time>2026-07-30T19:14:53Z</time>
    <speed>1.06</speed>
  </trkpt>
  <trkpt lat="50.695689" lon="-3.943387">
    <ele>371</ele>
    <time>2026-07-30T19:15:04Z</time>
    <speed>0.98999995</speed>
  </trkpt>
  <trkpt lat="50.695789" lon="-3.943487">
    <ele>371</ele>
    <time>2026-07-30T19:15:15Z</time>
    <speed>0.81</speed>
  </trkpt>
  <trkpt lat="50.695897" lon="-3.943603">
    <ele>369</ele>
    <time>2026-07-30T19:15:26Z</time>
    <speed>1.3299999</speed>
  </trkpt>
  <trkpt lat="50.696000" lon="-3.943722">
    <ele>370</ele>
    <time>2026-07-30T19:15:37Z</time>
    <speed>1.31</speed>
  </trkpt>
  <trkpt lat="50.696090" lon="-3.943841">
    <ele>369</ele>
    <time>2026-07-30T19:15:48Z</time>
    <speed>1.2099999</speed>
  </trkpt>
  <trkpt lat="50.696191" lon="-3.943875">
    <ele>366</ele>
    <time>2026-07-30T19:15:59Z</time>
    <speed>1.0799999</speed>
  </trkpt>
  <trkpt lat="50.696302" lon="-3.943948">
    <ele>368</ele>
    <time>2026-07-30T19:16:10Z</time>
    <speed>1.13</speed>
  </trkpt>
  <trkpt lat="50.696398" lon="-3.944066">
    <ele>376</ele>
    <time>2026-07-30T19:16:21Z</time>
    <speed>1.16</speed>
  </trkpt>
  <trkpt lat="50.696465" lon="-3.944199">
    <ele>366</ele>
    <time>2026-07-30T19:16:32Z</time>
    <speed>0.96999997</speed>
  </trkpt>
  <trkpt lat="50.696564" lon="-3.944298">
    <ele>360</ele>
    <time>2026-07-30T19:16:43Z</time>
    <speed>1.27</speed>
  </trkpt>
  <trkpt lat="50.696662" lon="-3.944410">
    <ele>363</ele>
    <time>2026-07-30T19:16:54Z</time>
    <speed>1.27</speed>
  </trkpt>
  <trkpt lat="50.696752" lon="-3.944506">
    <ele>359</ele>
    <time>2026-07-30T19:17:05Z</time>
    <speed>0.96</speed>
  </trkpt>
  <trkpt lat="50.696869" lon="-3.944597">
    <ele>355</ele>
    <time>2026-07-30T19:17:16Z</time>
    <speed>1.56</speed>
  </trkpt>
  <trkpt lat="50.696974" lon="-3.944669">
    <ele>360</ele>
    <time>2026-07-30T19:17:27Z</time>
    <speed>1.5</speed>
  </trkpt>
  <trkpt lat="50.697094" lon="-3.944726">
    <ele>358</ele>
    <time>2026-07-30T19:17:38Z</time>
    <speed>1.0699999</speed>
  </trkpt>
  <trkpt lat="50.697201" lon="-3.944809">
    <ele>356</ele>
    <time>2026-07-30T19:17:49Z</time>
    <speed>0.59</speed>
  </trkpt>
  <trkpt lat="50.697302" lon="-3.944897">
    <ele>355</ele>
    <time>2026-07-30T19:18:00Z</time>
    <speed>1.25</speed>
  </trkpt>
  <trkpt lat="50.697419" lon="-3.944940">
    <ele>354</ele>
    <time>2026-07-30T19:18:11Z</time>
    <speed>1.02</speed>
  </trkpt>
  <trkpt lat="50.697503" lon="-3.945045">
    <ele>352</ele>
    <time>2026-07-30T19:18:22Z</time>
    <speed>1.13</speed>
  </trkpt>
  <trkpt lat="50.697584" lon="-3.945114">
    <ele>350</ele>
    <time>2026-07-30T19:18:34Z</time>
    <speed>0.78999996</speed>
  </trkpt>
  <trkpt lat="50.697670" lon="-3.945203">
    <ele>347</ele>
    <time>2026-07-30T19:18:45Z</time>
    <speed>1.2099999</speed>
  </trkpt>
  <trkpt lat="50.697772" lon="-3.945278">
    <ele>344</ele>
    <time>2026-07-30T19:18:56Z</time>
    <speed>1.53</speed>
  </trkpt>
  <trkpt lat="50.697879" lon="-3.945336">
    <ele>348</ele>
    <time>2026-07-30T19:19:07Z</time>
    <speed>0.81</speed>
  </trkpt>
  <trkpt lat="50.697980" lon="-3.945394">
    <ele>347</ele>
    <time>2026-07-30T19:19:18Z</time>
    <speed>1.25</speed>
  </trkpt>
  <trkpt lat="50.698093" lon="-3.945472">
    <ele>345</ele>
    <time>2026-07-30T19:19:29Z</time>
    <speed>1.09</speed>
  </trkpt>
  <trkpt lat="50.698224" lon="-3.945528">
    <ele>344</ele>
    <time>2026-07-30T19:19:40Z</time>
    <speed>1.48</speed>
  </trkpt>
  <trkpt lat="50.698310" lon="-3.945617">
    <ele>343</ele>
    <time>2026-07-30T19:19:51Z</time>
    <speed>1.05</speed>
  </trkpt>
  <trkpt lat="50.698390" lon="-3.945707">
    <ele>342</ele>
    <time>2026-07-30T19:20:03Z</time>
    <speed>1.05</speed>
  </trkpt>
  <trkpt lat="50.698482" lon="-3.945813">
    <ele>339</ele>
    <time>2026-07-30T19:20:14Z</time>
    <speed>1.29</speed>
  </trkpt>
  <trkpt lat="50.698597" lon="-3.945909">
    <ele>337</ele>
    <time>2026-07-30T19:20:25Z</time>
    <speed>1.48</speed>
  </trkpt>
  <trkpt lat="50.698703" lon="-3.946009">
    <ele>339</ele>
    <time>2026-07-30T19:20:36Z</time>
    <speed>1.04</speed>
  </trkpt>
  <trkpt lat="50.698798" lon="-3.946119">
    <ele>336</ele>
    <time>2026-07-30T19:20:47Z</time>
    <speed>1.5799999</speed>
  </trkpt>
  <trkpt lat="50.698900" lon="-3.946226">
    <ele>337</ele>
    <time>2026-07-30T19:20:58Z</time>
    <speed>1.1</speed>
  </trkpt>
  <trkpt lat="50.699001" lon="-3.946332">
    <ele>334</ele>
    <time>2026-07-30T19:21:09Z</time>
    <speed>1.35</speed>
  </trkpt>
  <trkpt lat="50.699093" lon="-3.946434">
    <ele>333</ele>
    <time>2026-07-30T19:21:20Z</time>
    <speed>1.8399999</speed>
  </trkpt>
  <trkpt lat="50.699164" lon="-3.946589">
    <ele>333</ele>
    <time>2026-07-30T19:21:31Z</time>
    <speed>4.54</speed>
  </trkpt>
  <trkpt lat="50.699244" lon="-3.946699">
    <ele>333</ele>
    <time>2026-07-30T19:21:42Z</time>
    <speed>1.53</speed>
  </trkpt>
  <trkpt lat="50.699359" lon="-3.946766">
    <ele>333</ele>
    <time>2026-07-30T19:21:53Z</time>
    <speed>1.39</speed>
  </trkpt>
  <trkpt lat="50.699440" lon="-3.946882">
    <ele>330</ele>
    <time>2026-07-30T19:22:04Z</time>
    <speed>1.5699999</speed>
  </trkpt>
  <trkpt lat="50.699511" lon="-3.947016">
    <ele>332</ele>
    <time>2026-07-30T19:22:15Z</time>
    <speed>0.83</speed>
  </trkpt>
  <trkpt lat="50.699557" lon="-3.947151">
    <ele>332</ele>
    <time>2026-07-30T19:22:26Z</time>
    <speed>1.49</speed>
  </trkpt>
  <trkpt lat="50.699638" lon="-3.947294">
    <ele>333</ele>
    <time>2026-07-30T19:22:37Z</time>
    <speed>1.03</speed>
  </trkpt>
  <trkpt lat="50.699728" lon="-3.947407">
    <ele>332</ele>
    <time>2026-07-30T19:22:48Z</time>
    <speed>1.41</speed>
  </trkpt>
  <trkpt lat="50.699841" lon="-3.947506">
    <ele>332</ele>
    <time>2026-07-30T19:22:59Z</time>
    <speed>1.4599999</speed>
  </trkpt>
  <trkpt lat="50.699938" lon="-3.947529">
    <ele>333</ele>
    <time>2026-07-30T19:23:10Z</time>
    <speed>1.17</speed>
  </trkpt>
  <trkpt lat="50.700071" lon="-3.947516">
    <ele>332</ele>
    <time>2026-07-30T19:23:21Z</time>
    <speed>1.39</speed>
  </trkpt>
  <trkpt lat="50.700186" lon="-3.947488">
    <ele>333</ele>
    <time>2026-07-30T19:23:32Z</time>
    <speed>0.98999995</speed>
  </trkpt>
  <trkpt lat="50.700308" lon="-3.947475">
    <ele>335</ele>
    <time>2026-07-30T19:23:43Z</time>
    <speed>1.09</speed>
  </trkpt>
  <trkpt lat="50.700413" lon="-3.947435">
    <ele>332</ele>
    <time>2026-07-30T19:23:54Z</time>
    <speed>1.3</speed>
  </trkpt>
  <trkpt lat="50.700527" lon="-3.947432">
    <ele>337</ele>
    <time>2026-07-30T19:24:05Z</time>
    <speed>1.28</speed>
  </trkpt>
  <trkpt lat="50.700653" lon="-3.947417">
    <ele>339</ele>
    <time>2026-07-30T19:24:16Z</time>
    <speed>0.7</speed>
  </trkpt>
  <trkpt lat="50.700777" lon="-3.947407">
    <ele>340</ele>
    <time>2026-07-30T19:24:27Z</time>
    <speed>1.3</speed>
  </trkpt>
  <trkpt lat="50.700894" lon="-3.947352">
    <ele>334</ele>
    <time>2026-07-30T19:24:38Z</time>
    <speed>1.67</speed>
  </trkpt>
  <trkpt lat="50.701018" lon="-3.947331">
    <ele>341</ele>
    <time>2026-07-30T19:24:49Z</time>
    <speed>1.01</speed>
  </trkpt>
  <trkpt lat="50.701131" lon="-3.947305">
    <ele>340</ele>
    <time>2026-07-30T19:25:00Z</time>
    <speed>1.4499999</speed>
  </trkpt>
  <trkpt lat="50.701255" lon="-3.947312">
    <ele>342</ele>
    <time>2026-07-30T19:25:11Z</time>
    <speed>0.97999996</speed>
  </trkpt>
  <trkpt lat="50.701365" lon="-3.947320">
    <ele>348</ele>
    <time>2026-07-30T19:25:22Z</time>
    <speed>1.0</speed>
  </trkpt>
  <trkpt lat="50.701478" lon="-3.947301">
    <ele>348</ele>
    <time>2026-07-30T19:25:33Z</time>
    <speed>0.87</speed>
  </trkpt>
  <trkpt lat="50.701593" lon="-3.947299">
    <ele>349</ele>
    <time>2026-07-30T19:25:44Z</time>
    <speed>0.95</speed>
  </trkpt>
  <trkpt lat="50.701688" lon="-3.947230">
    <ele>352</ele>
    <time>2026-07-30T19:25:55Z</time>
    <speed>1.0799999</speed>
  </trkpt>
  <trkpt lat="50.701784" lon="-3.947217">
    <ele>352</ele>
    <time>2026-07-30T19:26:08Z</time>
    <speed>1.02</speed>
  </trkpt>
  <trkpt lat="50.701907" lon="-3.947215">
    <ele>355</ele>
    <time>2026-07-30T19:26:19Z</time>
    <speed>1.03</speed>
  </trkpt>
  <trkpt lat="50.702023" lon="-3.947198">
    <ele>356</ele>
    <time>2026-07-30T19:26:30Z</time>
    <speed>1.06</speed>
  </trkpt>
  <trkpt lat="50.702120" lon="-3.947194">
    <ele>360</ele>
    <time>2026-07-30T19:26:43Z</time>
    <speed>1.03</speed>
  </trkpt>
  <trkpt lat="50.702215" lon="-3.947174">
    <ele>361</ele>
    <time>2026-07-30T19:26:54Z</time>
    <speed>0.83</speed>
  </trkpt>
  <trkpt lat="50.702308" lon="-3.947151">
    <ele>353</ele>
    <time>2026-07-30T19:27:08Z</time>
    <speed>1.0</speed>
  </trkpt>
  <trkpt lat="50.702419" lon="-3.947139">
    <ele>364</ele>
    <time>2026-07-30T19:27:19Z</time>
    <speed>0.78</speed>
  </trkpt>
  <trkpt lat="50.702509" lon="-3.947136">
    <ele>366</ele>
    <time>2026-07-30T19:27:30Z</time>
    <speed>1.02</speed>
  </trkpt>
  <trkpt lat="50.702610" lon="-3.947134">
    <ele>369</ele>
    <time>2026-07-30T19:27:41Z</time>
    <speed>1.55</speed>
  </trkpt>
  <trkpt lat="50.702705" lon="-3.947114">
    <ele>369</ele>
    <time>2026-07-30T19:27:54Z</time>
    <speed>0.89</speed>
  </trkpt>
  <trkpt lat="50.702796" lon="-3.947122">
    <ele>374</ele>
    <time>2026-07-30T19:28:08Z</time>
    <speed>1.06</speed>
  </trkpt>
  <trkpt lat="50.702892" lon="-3.947135">
    <ele>375</ele>
    <time>2026-07-30T19:28:23Z</time>
    <speed>0.59999996</speed>
  </trkpt>
  <trkpt lat="50.702990" lon="-3.947134">
    <ele>372</ele>
    <time>2026-07-30T19:28:34Z</time>
    <speed>1.35</speed>
  </trkpt>
  <trkpt lat="50.703089" lon="-3.947143">
    <ele>374</ele>
    <time>2026-07-30T19:28:45Z</time>
    <speed>1.0799999</speed>
  </trkpt>
  <trkpt lat="50.703186" lon="-3.947134">
    <ele>380</ele>
    <time>2026-07-30T19:28:57Z</time>
    <speed>0.77</speed>
  </trkpt>
  <trkpt lat="50.703276" lon="-3.947151">
    <ele>384</ele>
    <time>2026-07-30T19:29:08Z</time>
    <speed>0.83</speed>
  </trkpt>
  <trkpt lat="50.703370" lon="-3.947110">
    <ele>384</ele>
    <time>2026-07-30T19:29:21Z</time>
    <speed>1.03</speed>
  </trkpt>
  <trkpt lat="50.703464" lon="-3.947090">
    <ele>384</ele>
    <time>2026-07-30T19:29:32Z</time>
    <speed>1.01</speed>
  </trkpt>
  <trkpt lat="50.703573" lon="-3.947080">
    <ele>386</ele>
    <time>2026-07-30T19:29:43Z</time>
    <speed>1.04</speed>
  </trkpt>
  <trkpt lat="50.703681" lon="-3.947078">
    <ele>383</ele>
    <time>2026-07-30T19:29:54Z</time>
    <speed>1.28</speed>
  </trkpt>
  <trkpt lat="50.703793" lon="-3.947043">
    <ele>389</ele>
    <time>2026-07-30T19:30:05Z</time>
    <speed>1.3399999</speed>
  </trkpt>
  <trkpt lat="50.703908" lon="-3.947005">
    <ele>390</ele>
    <time>2026-07-30T19:30:16Z</time>
    <speed>1.31</speed>
  </trkpt>
  <trkpt lat="50.704026" lon="-3.947002">
    <ele>383</ele>
    <time>2026-07-30T19:30:27Z</time>
    <speed>0.45</speed>
  </trkpt>
  <trkpt lat="50.704115" lon="-3.947022">
    <ele>390</ele>
    <time>2026-07-30T19:31:28Z</time>
    <speed>1.31</speed>
  </trkpt>
  <trkpt lat="50.704235" lon="-3.946981">
    <ele>391</ele>
    <time>2026-07-30T19:31:39Z</time>
    <speed>1.3</speed>
  </trkpt>
  <trkpt lat="50.704353" lon="-3.946927">
    <ele>389</ele>
    <time>2026-07-30T19:31:50Z</time>
    <speed>1.79</speed>
  </trkpt>
  <trkpt lat="50.704495" lon="-3.946871">
    <ele>391</ele>
    <time>2026-07-30T19:32:01Z</time>
    <speed>1.1999999</speed>
  </trkpt>
  <trkpt lat="50.704628" lon="-3.946838">
    <ele>385</ele>
    <time>2026-07-30T19:32:12Z</time>
    <speed>1.37</speed>
  </trkpt>
  <trkpt lat="50.704769" lon="-3.946787">
    <ele>390</ele>
    <time>2026-07-30T19:32:23Z</time>
    <speed>1.14</speed>
  </trkpt>
  <trkpt lat="50.704897" lon="-3.946731">
    <ele>387</ele>
    <time>2026-07-30T19:32:34Z</time>
    <speed>1.4599999</speed>
  </trkpt>
  <trkpt lat="50.705053" lon="-3.946702">
    <ele>388</ele>
    <time>2026-07-30T19:32:45Z</time>
    <speed>1.64</speed>
  </trkpt>
  <trkpt lat="50.705192" lon="-3.946613">
    <ele>385</ele>
    <time>2026-07-30T19:32:56Z</time>
    <speed>1.62</speed>
  </trkpt>
  <trkpt lat="50.705343" lon="-3.946571">
    <ele>386</ele>
    <time>2026-07-30T19:33:07Z</time>
    <speed>1.5699999</speed>
  </trkpt>
  <trkpt lat="50.705489" lon="-3.946539">
    <ele>387</ele>
    <time>2026-07-30T19:33:18Z</time>
    <speed>1.53</speed>
  </trkpt>
  <trkpt lat="50.705623" lon="-3.946485">
    <ele>386</ele>
    <time>2026-07-30T19:33:29Z</time>
    <speed>1.4499999</speed>
  </trkpt>
  <trkpt lat="50.705773" lon="-3.946438">
    <ele>382</ele>
    <time>2026-07-30T19:33:40Z</time>
    <speed>1.64</speed>
  </trkpt>
  <trkpt lat="50.705914" lon="-3.946391">
    <ele>386</ele>
    <time>2026-07-30T19:33:51Z</time>
    <speed>1.67</speed>
  </trkpt>
  <trkpt lat="50.706048" lon="-3.946330">
    <ele>385</ele>
    <time>2026-07-30T19:34:02Z</time>
    <speed>1.5699999</speed>
  </trkpt>
  <trkpt lat="50.706200" lon="-3.946324">
    <ele>385</ele>
    <time>2026-07-30T19:34:13Z</time>
    <speed>1.2099999</speed>
  </trkpt>
  <trkpt lat="50.706343" lon="-3.946235">
    <ele>384</ele>
    <time>2026-07-30T19:34:24Z</time>
    <speed>1.7199999</speed>
  </trkpt>
  <trkpt lat="50.706486" lon="-3.946167">
    <ele>383</ele>
    <time>2026-07-30T19:34:35Z</time>
    <speed>1.62</speed>
  </trkpt>
  <trkpt lat="50.706613" lon="-3.946087">
    <ele>381</ele>
    <time>2026-07-30T19:34:46Z</time>
    <speed>1.79</speed>
  </trkpt>
  <trkpt lat="50.706761" lon="-3.946035">
    <ele>383</ele>
    <time>2026-07-30T19:34:57Z</time>
    <speed>1.35</speed>
  </trkpt>
  <trkpt lat="50.706897" lon="-3.945997">
    <ele>364</ele>
    <time>2026-07-30T19:35:08Z</time>
    <speed>1.25</speed>
  </trkpt>
  <trkpt lat="50.707034" lon="-3.945977">
    <ele>384</ele>
    <time>2026-07-30T19:35:19Z</time>
    <speed>0.79999995</speed>
  </trkpt>
  <trkpt lat="50.707156" lon="-3.945902">
    <ele>384</ele>
    <time>2026-07-30T19:35:30Z</time>
    <speed>1.38</speed>
  </trkpt>
  <trkpt lat="50.707301" lon="-3.945844">
    <ele>382</ele>
    <time>2026-07-30T19:35:41Z</time>
    <speed>1.54</speed>
  </trkpt>
  <trkpt lat="50.707436" lon="-3.945797">
    <ele>381</ele>
    <time>2026-07-30T19:35:52Z</time>
    <speed>1.61</speed>
  </trkpt>
  <trkpt lat="50.707577" lon="-3.945834">
    <ele>383</ele>
    <time>2026-07-30T19:36:03Z</time>
    <speed>1.4399999</speed>
  </trkpt>
  <trkpt lat="50.707716" lon="-3.945814">
    <ele>381</ele>
    <time>2026-07-30T19:36:14Z</time>
    <speed>1.26</speed>
  </trkpt>
  <trkpt lat="50.707843" lon="-3.945793">
    <ele>381</ele>
    <time>2026-07-30T19:36:25Z</time>
    <speed>1.43</speed>
  </trkpt>
  <trkpt lat="50.707987" lon="-3.945754">
    <ele>376</ele>
    <time>2026-07-30T19:36:36Z</time>
    <speed>1.5899999</speed>
  </trkpt>
  <trkpt lat="50.708108" lon="-3.945666">
    <ele>376</ele>
    <time>2026-07-30T19:36:47Z</time>
    <speed>1.17</speed>
  </trkpt>
  <trkpt lat="50.708238" lon="-3.945589">
    <ele>381</ele>
    <time>2026-07-30T19:36:58Z</time>
    <speed>1.4599999</speed>
  </trkpt>
  <trkpt lat="50.708378" lon="-3.945557">
    <ele>378</ele>
    <time>2026-07-30T19:37:09Z</time>
    <speed>1.36</speed>
  </trkpt>
  <trkpt lat="50.708483" lon="-3.945462">
    <ele>378</ele>
    <time>2026-07-30T19:37:20Z</time>
    <speed>1.17</speed>
  </trkpt>
  <trkpt lat="50.708591" lon="-3.945369">
    <ele>379</ele>
    <time>2026-07-30T19:37:31Z</time>
    <speed>1.26</speed>
  </trkpt>
  <trkpt lat="50.708667" lon="-3.945287">
    <ele>388</ele>
    <time>2026-07-30T19:37:44Z</time>
    <speed>1.92</speed>
  </trkpt>
  <trkpt lat="50.708785" lon="-3.945227">
    <ele>374</ele>
    <time>2026-07-30T19:37:55Z</time>
    <speed>1.9799999</speed>
  </trkpt>
  <trkpt lat="50.708912" lon="-3.945216">
    <ele>368</ele>
    <time>2026-07-30T19:38:06Z</time>
    <speed>0.96</speed>
  </trkpt>
  <trkpt lat="50.709040" lon="-3.945234">
    <ele>381</ele>
    <time>2026-07-30T19:38:17Z</time>
    <speed>1.11</speed>
  </trkpt>
  <trkpt lat="50.709130" lon="-3.945195">
    <ele>376</ele>
    <time>2026-07-30T19:38:28Z</time>
    <speed>1.22</speed>
  </trkpt>
  <trkpt lat="50.709230" lon="-3.945103">
    <ele>385</ele>
    <time>2026-07-30T19:38:39Z</time>
    <speed>1.31</speed>
  </trkpt>
  <trkpt lat="50.709386" lon="-3.945058">
    <ele>386</ele>
    <time>2026-07-30T19:38:50Z</time>
    <speed>1.31</speed>
  </trkpt>
  <trkpt lat="50.709506" lon="-3.945000">
    <ele>377</ele>
    <time>2026-07-30T19:39:01Z</time>
    <speed>1.3199999</speed>
  </trkpt>
  <trkpt lat="50.709638" lon="-3.944935">
    <ele>374</ele>
    <time>2026-07-30T19:39:12Z</time>
    <speed>1.5699999</speed>
  </trkpt>
  <trkpt lat="50.709768" lon="-3.944886">
    <ele>379</ele>
    <time>2026-07-30T19:39:23Z</time>
    <speed>1.4499999</speed>
  </trkpt>
  <trkpt lat="50.709885" lon="-3.944793">
    <ele>379</ele>
    <time>2026-07-30T19:39:34Z</time>
    <speed>1.65</speed>
  </trkpt>
  <trkpt lat="50.710019" lon="-3.944707">
    <ele>379</ele>
    <time>2026-07-30T19:39:45Z</time>
    <speed>1.24</speed>
  </trkpt>
  <trkpt lat="50.710145" lon="-3.944650">
    <ele>376</ele>
    <time>2026-07-30T19:39:56Z</time>
    <speed>1.39</speed>
  </trkpt>
  <trkpt lat="50.710279" lon="-3.944606">
    <ele>377</ele>
    <time>2026-07-30T19:40:07Z</time>
    <speed>1.81</speed>
  </trkpt>
  <trkpt lat="50.710387" lon="-3.944561">
    <ele>374</ele>
    <time>2026-07-30T19:40:18Z</time>
    <speed>1.42</speed>
  </trkpt>
  <trkpt lat="50.710534" lon="-3.944574">
    <ele>378</ele>
    <time>2026-07-30T19:40:29Z</time>
    <speed>1.48</speed>
  </trkpt>
  <trkpt lat="50.710687" lon="-3.944561">
    <ele>376</ele>
    <time>2026-07-30T19:40:40Z</time>
    <speed>1.1899999</speed>
  </trkpt>
  <trkpt lat="50.710808" lon="-3.944579">
    <ele>366</ele>
    <time>2026-07-30T19:40:51Z</time>
    <speed>1.4</speed>
  </trkpt>
  <trkpt lat="50.710932" lon="-3.944566">
    <ele>374</ele>
    <time>2026-07-30T19:41:02Z</time>
    <speed>1.38</speed>
  </trkpt>
  <trkpt lat="50.711061" lon="-3.944631">
    <ele>375</ele>
    <time>2026-07-30T19:41:13Z</time>
    <speed>1.26</speed>
  </trkpt>
  <trkpt lat="50.711202" lon="-3.944648">
    <ele>373</ele>
    <time>2026-07-30T19:41:24Z</time>
    <speed>1.6899999</speed>
  </trkpt>
  <trkpt lat="50.711337" lon="-3.944650">
    <ele>374</ele>
    <time>2026-07-30T19:41:35Z</time>
    <speed>1.02</speed>
  </trkpt>
  <trkpt lat="50.711466" lon="-3.944634">
    <ele>374</ele>
    <time>2026-07-30T19:41:46Z</time>
    <speed>1.53</speed>
  </trkpt>
  <trkpt lat="50.711601" lon="-3.944633">
    <ele>372</ele>
    <time>2026-07-30T19:41:57Z</time>
    <speed>1.12</speed>
  </trkpt>
  <trkpt lat="50.711735" lon="-3.944647">
    <ele>371</ele>
    <time>2026-07-30T19:42:08Z</time>
    <speed>1.36</speed>
  </trkpt>
  <trkpt lat="50.711868" lon="-3.944606">
    <ele>371</ele>
    <time>2026-07-30T19:42:19Z</time>
    <speed>1.4499999</speed>
  </trkpt>
  <trkpt lat="50.711995" lon="-3.944575">
    <ele>371</ele>
    <time>2026-07-30T19:42:30Z</time>
    <speed>1.15</speed>
  </trkpt>
  <trkpt lat="50.712118" lon="-3.944543">
    <ele>372</ele>
    <time>2026-07-30T19:42:41Z</time>
    <speed>1.04</speed>
  </trkpt>
  <trkpt lat="50.712265" lon="-3.944562">
    <ele>372</ele>
    <time>2026-07-30T19:42:52Z</time>
    <speed>1.48</speed>
  </trkpt>
  <trkpt lat="50.712386" lon="-3.944552">
    <ele>358</ele>
    <time>2026-07-30T19:43:03Z</time>
    <speed>1.5899999</speed>
  </trkpt>
  <trkpt lat="50.712530" lon="-3.944554">
    <ele>367</ele>
    <time>2026-07-30T19:43:14Z</time>
    <speed>1.61</speed>
  </trkpt>
  <trkpt lat="50.712642" lon="-3.944475">
    <ele>368</ele>
    <time>2026-07-30T19:43:25Z</time>
    <speed>0.96999997</speed>
  </trkpt>
  <trkpt lat="50.712765" lon="-3.944493">
    <ele>374</ele>
    <time>2026-07-30T19:43:36Z</time>
    <speed>1.3399999</speed>
  </trkpt>
  <trkpt lat="50.712884" lon="-3.944607">
    <ele>365</ele>
    <time>2026-07-30T19:43:47Z</time>
    <speed>1.36</speed>
  </trkpt>
  <trkpt lat="50.712994" lon="-3.944626">
    <ele>367</ele>
    <time>2026-07-30T19:43:58Z</time>
    <speed>1.25</speed>
  </trkpt>
  <trkpt lat="50.713073" lon="-3.944707">
    <ele>365</ele>
    <time>2026-07-30T19:47:48Z</time>
    <speed>1.52</speed>
  </trkpt>
  <trkpt lat="50.713206" lon="-3.944773">
    <ele>366</ele>
    <time>2026-07-30T19:47:59Z</time>
    <speed>1.18</speed>
  </trkpt>
  <trkpt lat="50.713334" lon="-3.944840">
    <ele>365</ele>
    <time>2026-07-30T19:48:10Z</time>
    <speed>1.15</speed>
  </trkpt>
  <trkpt lat="50.713458" lon="-3.944928">
    <ele>359</ele>
    <time>2026-07-30T19:48:21Z</time>
    <speed>1.48</speed>
  </trkpt>
  <trkpt lat="50.713600" lon="-3.945039">
    <ele>366</ele>
    <time>2026-07-30T19:48:32Z</time>
    <speed>1.4699999</speed>
  </trkpt>
  <trkpt lat="50.713700" lon="-3.945155">
    <ele>366</ele>
    <time>2026-07-30T19:48:43Z</time>
    <speed>1.31</speed>
  </trkpt>
  <trkpt lat="50.713824" lon="-3.945235">
    <ele>368</ele>
    <time>2026-07-30T19:48:54Z</time>
    <speed>1.28</speed>
  </trkpt>
  <trkpt lat="50.713941" lon="-3.945346">
    <ele>370</ele>
    <time>2026-07-30T19:49:05Z</time>
    <speed>1.12</speed>
  </trkpt>
  <trkpt lat="50.714075" lon="-3.945442">
    <ele>366</ele>
    <time>2026-07-30T19:49:16Z</time>
    <speed>1.4699999</speed>
  </trkpt>
  <trkpt lat="50.714220" lon="-3.945517">
    <ele>365</ele>
    <time>2026-07-30T19:49:27Z</time>
    <speed>1.36</speed>
  </trkpt>
  <trkpt lat="50.714349" lon="-3.945542">
    <ele>364</ele>
    <time>2026-07-30T19:49:38Z</time>
    <speed>1.1999999</speed>
  </trkpt>
  <trkpt lat="50.714482" lon="-3.945618">
    <ele>362</ele>
    <time>2026-07-30T19:49:49Z</time>
    <speed>1.43</speed>
  </trkpt>
  <trkpt lat="50.714586" lon="-3.945688">
    <ele>362</ele>
    <time>2026-07-30T19:50:00Z</time>
    <speed>1.64</speed>
  </trkpt>
  <trkpt lat="50.714723" lon="-3.945748">
    <ele>364</ele>
    <time>2026-07-30T19:50:11Z</time>
    <speed>1.26</speed>
  </trkpt>
  <trkpt lat="50.714849" lon="-3.945716">
    <ele>361</ele>
    <time>2026-07-30T19:50:22Z</time>
    <speed>1.27</speed>
  </trkpt>
  <trkpt lat="50.714968" lon="-3.945699">
    <ele>358</ele>
    <time>2026-07-30T19:50:33Z</time>
    <speed>1.5799999</speed>
  </trkpt>
  <trkpt lat="50.715097" lon="-3.945662">
    <ele>362</ele>
    <time>2026-07-30T19:50:44Z</time>
    <speed>1.43</speed>
  </trkpt>
  <trkpt lat="50.715220" lon="-3.945619">
    <ele>359</ele>
    <time>2026-07-30T19:50:55Z</time>
    <speed>1.38</speed>
  </trkpt>
  <trkpt lat="50.715341" lon="-3.945556">
    <ele>349</ele>
    <time>2026-07-30T19:51:06Z</time>
    <speed>1.75</speed>
  </trkpt>
  <trkpt lat="50.715432" lon="-3.945579">
    <ele>359</ele>
    <time>2026-07-30T19:51:17Z</time>
    <speed>1.1999999</speed>
  </trkpt>
  <trkpt lat="50.715552" lon="-3.945572">
    <ele>355</ele>
    <time>2026-07-30T19:51:28Z</time>
    <speed>1.4699999</speed>
  </trkpt>
  <trkpt lat="50.715685" lon="-3.945568">
    <ele>355</ele>
    <time>2026-07-30T19:51:39Z</time>
    <speed>1.35</speed>
  </trkpt>
  <trkpt lat="50.715825" lon="-3.945629">
    <ele>354</ele>
    <time>2026-07-30T19:51:50Z</time>
    <speed>1.22</speed>
  </trkpt>
  <trkpt lat="50.715947" lon="-3.945684">
    <ele>355</ele>
    <time>2026-07-30T19:52:01Z</time>
    <speed>1.01</speed>
  </trkpt>
  <trkpt lat="50.716047" lon="-3.945784">
    <ele>351</ele>
    <time>2026-07-30T19:52:12Z</time>
    <speed>1.1999999</speed>
  </trkpt>
  <trkpt lat="50.716126" lon="-3.945940">
    <ele>352</ele>
    <time>2026-07-30T19:52:23Z</time>
    <speed>1.0799999</speed>
  </trkpt>
  <trkpt lat="50.716178" lon="-3.946064">
    <ele>360</ele>
    <time>2026-07-30T19:52:34Z</time>
    <speed>1.22</speed>
  </trkpt>
  <trkpt lat="50.716238" lon="-3.946196">
    <ele>349</ele>
    <time>2026-07-30T19:52:45Z</time>
    <speed>0.64</speed>
  </trkpt>
  <trkpt lat="50.716277" lon="-3.946348">
    <ele>349</ele>
    <time>2026-07-30T19:52:56Z</time>
    <speed>0.90999997</speed>
  </trkpt>
  <trkpt lat="50.716319" lon="-3.946506">
    <ele>347</ele>
    <time>2026-07-30T19:53:07Z</time>
    <speed>1.09</speed>
  </trkpt>
  <trkpt lat="50.716407" lon="-3.946609">
    <ele>346</ele>
    <time>2026-07-30T19:53:18Z</time>
    <speed>0.75</speed>
  </trkpt>
  <trkpt lat="50.716499" lon="-3.946607">
    <ele>343</ele>
    <time>2026-07-30T19:53:56Z</time>
    <speed>0.96999997</speed>
  </trkpt>
  <trkpt lat="50.716550" lon="-3.946479">
    <ele>345</ele>
    <time>2026-07-30T19:54:10Z</time>
    <speed>0.64</speed>
  </trkpt>
  <trkpt lat="50.716640" lon="-3.946455">
    <ele>343</ele>
    <time>2026-07-30T19:54:22Z</time>
    <speed>0.9</speed>
  </trkpt>
  <trkpt lat="50.716732" lon="-3.946473">
    <ele>342</ele>
    <time>2026-07-30T19:54:39Z</time>
    <speed>1.01</speed>
  </trkpt>
  <trkpt lat="50.716804" lon="-3.946559">
    <ele>339</ele>
    <time>2026-07-30T19:54:56Z</time>
    <speed>0.5</speed>
  </trkpt>
  <trkpt lat="50.716883" lon="-3.946638">
    <ele>319</ele>
    <time>2026-07-30T19:55:42Z</time>
    <speed>0.97999996</speed>
  </trkpt>
  <trkpt lat="50.716960" lon="-3.946556">
    <ele>333</ele>
    <time>2026-07-30T19:58:13Z</time>
    <speed>0.45</speed>
  </trkpt>
  <trkpt lat="50.717021" lon="-3.946445">
    <ele>341</ele>
    <time>2026-07-30T19:59:28Z</time>
    <speed>0.95</speed>
  </trkpt>
  <trkpt lat="50.717119" lon="-3.946432">
    <ele>341</ele>
    <time>2026-07-30T20:02:29Z</time>
    <speed>1.49</speed>
  </trkpt>
  <trkpt lat="50.717237" lon="-3.946491">
    <ele>340</ele>
    <time>2026-07-30T20:02:40Z</time>
    <speed>1.16</speed>
  </trkpt>
  <trkpt lat="50.717353" lon="-3.946516">
    <ele>339</ele>
    <time>2026-07-30T20:02:51Z</time>
    <speed>1.31</speed>
  </trkpt>
  <trkpt lat="50.717456" lon="-3.946611">
    <ele>335</ele>
    <time>2026-07-30T20:03:02Z</time>
    <speed>0.95</speed>
  </trkpt>
  <trkpt lat="50.717553" lon="-3.946745">
    <ele>318</ele>
    <time>2026-07-30T20:03:13Z</time>
    <speed>1.03</speed>
  </trkpt>
  <trkpt lat="50.717644" lon="-3.946818">
    <ele>338</ele>
    <time>2026-07-30T20:03:24Z</time>
    <speed>0.83</speed>
  </trkpt>
  <trkpt lat="50.717736" lon="-3.946870">
    <ele>337</ele>
    <time>2026-07-30T20:03:35Z</time>
    <speed>1.23</speed>
  </trkpt>
  <trkpt lat="50.717819" lon="-3.947007">
    <ele>337</ele>
    <time>2026-07-30T20:03:46Z</time>
    <speed>1.06</speed>
  </trkpt>
  <trkpt lat="50.717899" lon="-3.947138">
    <ele>336</ele>
    <time>2026-07-30T20:03:57Z</time>
    <speed>0.83</speed>
  </trkpt>
  <trkpt lat="50.717972" lon="-3.947223">
    <ele>334</ele>
    <time>2026-07-30T20:04:08Z</time>
    <speed>0.85999995</speed>
  </trkpt>
  <trkpt lat="50.718039" lon="-3.947332">
    <ele>335</ele>
    <time>2026-07-30T20:04:19Z</time>
    <speed>1.02</speed>
  </trkpt>
  <trkpt lat="50.718111" lon="-3.947431">
    <ele>331</ele>
    <time>2026-07-30T20:04:31Z</time>
    <speed>1.38</speed>
  </trkpt>
  <trkpt lat="50.718179" lon="-3.947560">
    <ele>332</ele>
    <time>2026-07-30T20:04:42Z</time>
    <speed>1.28</speed>
  </trkpt>
  <trkpt lat="50.718246" lon="-3.947666">
    <ele>335</ele>
    <time>2026-07-30T20:04:53Z</time>
    <speed>0.45</speed>
  </trkpt>
  <trkpt lat="50.718339" lon="-3.947706">
    <ele>331</ele>
    <time>2026-07-30T20:05:05Z</time>
    <speed>0.90999997</speed>
  </trkpt>
  <trkpt lat="50.718416" lon="-3.947797">
    <ele>329</ele>
    <time>2026-07-30T20:05:21Z</time>
    <speed>0.78999996</speed>
  </trkpt>
  <trkpt lat="50.718492" lon="-3.947885">
    <ele>325</ele>
    <time>2026-07-30T20:05:35Z</time>
    <speed>0.66999996</speed>
  </trkpt>
  <trkpt lat="50.718528" lon="-3.948050">
    <ele>324</ele>
    <time>2026-07-30T20:05:46Z</time>
    <speed>1.04</speed>
  </trkpt>
  <trkpt lat="50.718607" lon="-3.948128">
    <ele>323</ele>
    <time>2026-07-30T20:05:57Z</time>
    <speed>1.03</speed>
  </trkpt>
  <trkpt lat="50.718676" lon="-3.948228">
    <ele>320</ele>
    <time>2026-07-30T20:06:08Z</time>
    <speed>0.84999996</speed>
  </trkpt>
  <trkpt lat="50.718735" lon="-3.948344">
    <ele>319</ele>
    <time>2026-07-30T20:06:22Z</time>
    <speed>1.0</speed>
  </trkpt>
  <trkpt lat="50.718836" lon="-3.948400">
    <ele>318</ele>
    <time>2026-07-30T20:06:33Z</time>
    <speed>1.2099999</speed>
  </trkpt>
  <trkpt lat="50.718925" lon="-3.948436">
    <ele>319</ele>
    <time>2026-07-30T20:06:44Z</time>
    <speed>1.14</speed>
  </trkpt>
  <trkpt lat="50.719008" lon="-3.948512">
    <ele>315</ele>
    <time>2026-07-30T20:06:55Z</time>
    <speed>0.82</speed>
  </trkpt>
  <trkpt lat="50.719104" lon="-3.948479">
    <ele>315</ele>
    <time>2026-07-30T20:07:13Z</time>
    <speed>1.2099999</speed>
  </trkpt>
  <trkpt lat="50.719195" lon="-3.948460">
    <ele>315</ele>
    <time>2026-07-30T20:07:25Z</time>
    <speed>0.53</speed>
  </trkpt>
  <trkpt lat="50.719291" lon="-3.948520">
    <ele>313</ele>
    <time>2026-07-30T20:07:36Z</time>
    <speed>1.0699999</speed>
  </trkpt>
  <trkpt lat="50.719386" lon="-3.948536">
    <ele>307</ele>
    <time>2026-07-30T20:07:47Z</time>
    <speed>0.98999995</speed>
  </trkpt>
  <trkpt lat="50.719488" lon="-3.948624">
    <ele>312</ele>
    <time>2026-07-30T20:07:58Z</time>
    <speed>1.2099999</speed>
  </trkpt>
  <trkpt lat="50.719611" lon="-3.948612">
    <ele>309</ele>
    <time>2026-07-30T20:08:09Z</time>
    <speed>1.22</speed>
  </trkpt>
  <trkpt lat="50.719752" lon="-3.948608">
    <ele>311</ele>
    <time>2026-07-30T20:08:20Z</time>
    <speed>1.41</speed>
  </trkpt>
  <trkpt lat="50.719907" lon="-3.948572">
    <ele>305</ele>
    <time>2026-07-30T20:08:31Z</time>
    <speed>1.4</speed>
  </trkpt>
  <trkpt lat="50.720037" lon="-3.948563">
    <ele>309</ele>
    <time>2026-07-30T20:08:42Z</time>
    <speed>1.5899999</speed>
  </trkpt>
  <trkpt lat="50.720151" lon="-3.948536">
    <ele>307</ele>
    <time>2026-07-30T20:08:53Z</time>
    <speed>1.27</speed>
  </trkpt>
  <trkpt lat="50.720290" lon="-3.948558">
    <ele>307</ele>
    <time>2026-07-30T20:09:04Z</time>
    <speed>1.24</speed>
  </trkpt>
  <trkpt lat="50.720437" lon="-3.948604">
    <ele>305</ele>
    <time>2026-07-30T20:09:15Z</time>
    <speed>1.38</speed>
  </trkpt>
  <trkpt lat="50.720573" lon="-3.948631">
    <ele>300</ele>
    <time>2026-07-30T20:09:26Z</time>
    <speed>1.24</speed>
  </trkpt>
  <trkpt lat="50.720697" lon="-3.948743">
    <ele>298</ele>
    <time>2026-07-30T20:09:37Z</time>
    <speed>1.43</speed>
  </trkpt>
  <trkpt lat="50.720808" lon="-3.948863">
    <ele>294</ele>
    <time>2026-07-30T20:09:48Z</time>
    <speed>1.52</speed>
  </trkpt>
  <trkpt lat="50.720921" lon="-3.948891">
    <ele>299</ele>
    <time>2026-07-30T20:09:59Z</time>
    <speed>1.39</speed>
  </trkpt>
  <trkpt lat="50.720918" lon="-3.949036">
    <ele>297</ele>
    <time>2026-07-30T20:10:41Z</time>
    <speed>2.3999999</speed>
  </trkpt>
  <trkpt lat="50.721034" lon="-3.949106">
    <ele>295</ele>
    <time>2026-07-30T20:10:52Z</time>
    <speed>1.5899999</speed>
  </trkpt>
  <trkpt lat="50.721180" lon="-3.949235">
    <ele>293</ele>
    <time>2026-07-30T20:11:03Z</time>
    <speed>1.48</speed>
  </trkpt>
  <trkpt lat="50.721295" lon="-3.949380">
    <ele>293</ele>
    <time>2026-07-30T20:11:14Z</time>
    <speed>1.28</speed>
  </trkpt>
  <trkpt lat="50.721358" lon="-3.949514">
    <ele>288</ele>
    <time>2026-07-30T20:11:25Z</time>
    <speed>1.37</speed>
  </trkpt>
  <trkpt lat="50.721428" lon="-3.949614">
    <ele>285</ele>
    <time>2026-07-30T20:11:36Z</time>
    <speed>0.88</speed>
  </trkpt>
  <trkpt lat="50.721528" lon="-3.949708">
    <ele>284</ele>
    <time>2026-07-30T20:11:47Z</time>
    <speed>1.1999999</speed>
  </trkpt>
  <trkpt lat="50.721623" lon="-3.949815">
    <ele>282</ele>
    <time>2026-07-30T20:11:58Z</time>
    <speed>1.39</speed>
  </trkpt>
  <trkpt lat="50.721717" lon="-3.949912">
    <ele>280</ele>
    <time>2026-07-30T20:12:09Z</time>
    <speed>0.97999996</speed>
  </trkpt>
  <trkpt lat="50.721781" lon="-3.950023">
    <ele>276</ele>
    <time>2026-07-30T20:12:21Z</time>
    <speed>0.87</speed>
  </trkpt>
  <trkpt lat="50.721852" lon="-3.950115">
    <ele>277</ele>
    <time>2026-07-30T20:12:32Z</time>
    <speed>0.84999996</speed>
  </trkpt>
  <trkpt lat="50.721945" lon="-3.950189">
    <ele>274</ele>
    <time>2026-07-30T20:12:43Z</time>
    <speed>0.95</speed>
  </trkpt>
  <trkpt lat="50.722053" lon="-3.950262">
    <ele>274</ele>
    <time>2026-07-30T20:12:54Z</time>
    <speed>1.53</speed>
  </trkpt>
  <trkpt lat="50.722117" lon="-3.950419">
    <ele>268</ele>
    <time>2026-07-30T20:13:05Z</time>
    <speed>1.16</speed>
  </trkpt>
  <trkpt lat="50.722211" lon="-3.950479">
    <ele>267</ele>
    <time>2026-07-30T20:13:16Z</time>
    <speed>1.04</speed>
  </trkpt>
  <trkpt lat="50.722274" lon="-3.950594">
    <ele>265</ele>
    <time>2026-07-30T20:13:27Z</time>
    <speed>0.68</speed>
  </trkpt>
  <trkpt lat="50.722346" lon="-3.950721">
    <ele>261</ele>
    <time>2026-07-30T20:13:38Z</time>
    <speed>0.84999996</speed>
  </trkpt>
  <trkpt lat="50.722426" lon="-3.950805">
    <ele>255</ele>
    <time>2026-07-30T20:13:49Z</time>
    <speed>0.35999998</speed>
  </trkpt>
  <trkpt lat="50.722488" lon="-3.950946">
    <ele>254</ele>
    <time>2026-07-30T20:14:00Z</time>
    <speed>1.15</speed>
  </trkpt>
  <trkpt lat="50.722532" lon="-3.951119">
    <ele>240</ele>
    <time>2026-07-30T20:14:11Z</time>
    <speed>0.83</speed>
  </trkpt>
  <trkpt lat="50.722557" lon="-3.951263">
    <ele>252</ele>
    <time>2026-07-30T20:14:22Z</time>
    <speed>0.98999995</speed>
  </trkpt>
  <trkpt lat="50.722577" lon="-3.951408">
    <ele>252</ele>
    <time>2026-07-30T20:14:36Z</time>
    <speed>0.7</speed>
  </trkpt>
  <trkpt lat="50.722596" lon="-3.951554">
    <ele>247</ele>
    <time>2026-07-30T20:14:50Z</time>
    <speed>0.9</speed>
  </trkpt>
  <trkpt lat="50.722631" lon="-3.951693">
    <ele>246</ele>
    <time>2026-07-30T20:15:04Z</time>
    <speed>0.64</speed>
  </trkpt>
  <trkpt lat="50.722645" lon="-3.951838">
    <ele>242</ele>
    <time>2026-07-30T20:15:22Z</time>
    <speed>0.71999997</speed>
  </trkpt>
  <trkpt lat="50.722660" lon="-3.951985">
    <ele>241</ele>
    <time>2026-07-30T20:15:34Z</time>
    <speed>0.93</speed>
  </trkpt>
  <trkpt lat="50.722738" lon="-3.952065">
    <ele>240</ele>
    <time>2026-07-30T20:15:45Z</time>
    <speed>1.3199999</speed>
  </trkpt>
  <trkpt lat="50.722853" lon="-3.952113">
    <ele>234</ele>
    <time>2026-07-30T20:15:56Z</time>
    <speed>1.5799999</speed>
  </trkpt>
  <trkpt lat="50.722904" lon="-3.952268">
    <ele>235</ele>
    <time>2026-07-30T20:16:07Z</time>
    <speed>0.96999997</speed>
  </trkpt>
  <trkpt lat="50.722917" lon="-3.952476">
    <ele>237</ele>
    <time>2026-07-30T20:16:18Z</time>
    <speed>1.4599999</speed>
  </trkpt>
  <trkpt lat="50.722822" lon="-3.952603">
    <ele>233</ele>
    <time>2026-07-30T20:16:29Z</time>
    <speed>1.31</speed>
  </trkpt>
  <trkpt lat="50.722756" lon="-3.952719">
    <ele>232</ele>
    <time>2026-07-30T20:16:40Z</time>
    <speed>0.94</speed>
  </trkpt>
  <trkpt lat="50.722767" lon="-3.952867">
    <ele>231</ele>
    <time>2026-07-30T20:16:51Z</time>
    <speed>0.81</speed>
  </trkpt>
  <trkpt lat="50.722808" lon="-3.953011">
    <ele>229</ele>
    <time>2026-07-30T20:17:02Z</time>
    <speed>0.9</speed>
  </trkpt>
  <trkpt lat="50.722891" lon="-3.953133">
    <ele>225</ele>
    <time>2026-07-30T20:17:13Z</time>
    <speed>0.84999996</speed>
  </trkpt>
  <trkpt lat="50.722978" lon="-3.953297">
    <ele>243</ele>
    <time>2026-07-30T20:17:24Z</time>
    <speed>1.28</speed>
  </trkpt>
  <trkpt lat="50.723051" lon="-3.953421">
    <ele>225</ele>
    <time>2026-07-30T20:17:35Z</time>
    <speed>1.0699999</speed>
  </trkpt>
  <trkpt lat="50.723047" lon="-3.953601">
    <ele>226</ele>
    <time>2026-07-30T20:17:46Z</time>
    <speed>1.13</speed>
  </trkpt>
  <trkpt lat="50.723097" lon="-3.953773">
    <ele>225</ele>
    <time>2026-07-30T20:17:57Z</time>
    <speed>1.27</speed>
  </trkpt>
  <trkpt lat="50.723162" lon="-3.953908">
    <ele>224</ele>
    <time>2026-07-30T20:18:08Z</time>
    <speed>1.0</speed>
  </trkpt>
  <trkpt lat="50.723167" lon="-3.954055">
    <ele>223</ele>
    <time>2026-07-30T20:18:20Z</time>
    <speed>0.79999995</speed>
  </trkpt>
  <trkpt lat="50.723224" lon="-3.954177">
    <ele>220</ele>
    <time>2026-07-30T20:18:38Z</time>
    <speed>0.85999995</speed>
  </trkpt>
  <trkpt lat="50.723263" lon="-3.954308">
    <ele>218</ele>
    <time>2026-07-30T20:18:51Z</time>
    <speed>0.31</speed>
  </trkpt>
  <trkpt lat="50.723325" lon="-3.954474">
    <ele>217</ele>
    <time>2026-07-30T20:19:02Z</time>
    <speed>1.68</speed>
  </trkpt>
  <trkpt lat="50.723372" lon="-3.954610">
    <ele>217</ele>
    <time>2026-07-30T20:19:29Z</time>
    <speed>1.16</speed>
  </trkpt>
  <trkpt lat="50.723421" lon="-3.954730">
    <ele>218</ele>
    <time>2026-07-30T20:19:48Z</time>
    <speed>0.83</speed>
  </trkpt>
  <trkpt lat="50.723441" lon="-3.954875">
    <ele>219</ele>
    <time>2026-07-30T20:19:59Z</time>
    <speed>0.96999997</speed>
  </trkpt>
  <trkpt lat="50.723365" lon="-3.954978">
    <ele>221</ele>
    <time>2026-07-30T20:20:10Z</time>
    <speed>1.09</speed>
  </trkpt>
  <trkpt lat="50.723277" lon="-3.955051">
    <ele>220</ele>
    <time>2026-07-30T20:20:21Z</time>
    <speed>0.78</speed>
  </trkpt>
  <trkpt lat="50.723173" lon="-3.955101">
    <ele>222</ele>
    <time>2026-07-30T20:20:32Z</time>
    <speed>1.7099999</speed>
  </trkpt>
  <trkpt lat="50.723076" lon="-3.955139">
    <ele>223</ele>
    <time>2026-07-30T20:20:43Z</time>
    <speed>0.82</speed>
  </trkpt>
  <trkpt lat="50.722984" lon="-3.955146">
    <ele>223</ele>
    <time>2026-07-30T20:20:54Z</time>
    <speed>1.3299999</speed>
  </trkpt>
  <trkpt lat="50.722920" lon="-3.955252">
    <ele>221</ele>
    <time>2026-07-30T20:21:05Z</time>
    <speed>1.0699999</speed>
  </trkpt>
  <trkpt lat="50.722992" lon="-3.955352">
    <ele>228</ele>
    <time>2026-07-30T20:21:20Z</time>
    <speed>0.81</speed>
  </trkpt>
  <trkpt lat="50.723079" lon="-3.955386">
    <ele>232</ele>
    <time>2026-07-30T20:21:31Z</time>
    <speed>0.65999997</speed>
  </trkpt>
  <trkpt lat="50.723180" lon="-3.955404">
    <ele>228</ele>
    <time>2026-07-30T20:21:42Z</time>
    <speed>1.26</speed>
  </trkpt>
  <trkpt lat="50.723285" lon="-3.955405">
    <ele>230</ele>
    <time>2026-07-30T20:21:53Z</time>
    <speed>0.72999996</speed>
  </trkpt>
  <trkpt lat="50.723392" lon="-3.955423">
    <ele>232</ele>
    <time>2026-07-30T20:22:04Z</time>
    <speed>0.66999996</speed>
  </trkpt>
  <trkpt lat="50.723492" lon="-3.955457">
    <ele>238</ele>
    <time>2026-07-30T20:22:15Z</time>
    <speed>1.5999999</speed>
  </trkpt>
  <trkpt lat="50.723597" lon="-3.955511">
    <ele>232</ele>
    <time>2026-07-30T20:22:26Z</time>
    <speed>1.0799999</speed>
  </trkpt>
  <trkpt lat="50.723687" lon="-3.955521">
    <ele>241</ele>
    <time>2026-07-30T20:22:39Z</time>
    <speed>0.96999997</speed>
  </trkpt>
  <trkpt lat="50.723775" lon="-3.955565">
    <ele>234</ele>
    <time>2026-07-30T20:22:50Z</time>
    <speed>1.13</speed>
  </trkpt>
  <trkpt lat="50.723862" lon="-3.955614">
    <ele>243</ele>
    <time>2026-07-30T20:23:10Z</time>
    <speed>0.51</speed>
  </trkpt>
  <trkpt lat="50.723965" lon="-3.955684">
    <ele>243</ele>
    <time>2026-07-30T20:23:21Z</time>
    <speed>1.43</speed>
  </trkpt>
  <trkpt lat="50.724048" lon="-3.955786">
    <ele>239</ele>
    <time>2026-07-30T20:23:32Z</time>
    <speed>1.54</speed>
  </trkpt>
  <trkpt lat="50.724112" lon="-3.955937">
    <ele>245</ele>
    <time>2026-07-30T20:23:43Z</time>
    <speed>0.90999997</speed>
  </trkpt>
  <trkpt lat="50.724188" lon="-3.956082">
    <ele>247</ele>
    <time>2026-07-30T20:23:54Z</time>
    <speed>1.3</speed>
  </trkpt>
  <trkpt lat="50.724263" lon="-3.956213">
    <ele>249</ele>
    <time>2026-07-30T20:24:05Z</time>
    <speed>1.18</speed>
  </trkpt>
  <trkpt lat="50.724335" lon="-3.956382">
    <ele>248</ele>
    <time>2026-07-30T20:24:16Z</time>
    <speed>1.3</speed>
  </trkpt>
  <trkpt lat="50.724417" lon="-3.956556">
    <ele>252</ele>
    <time>2026-07-30T20:24:27Z</time>
    <speed>1.41</speed>
  </trkpt>
  <trkpt lat="50.724490" lon="-3.956704">
    <ele>252</ele>
    <time>2026-07-30T20:24:38Z</time>
    <speed>1.41</speed>
  </trkpt>
  <trkpt lat="50.724586" lon="-3.956850">
    <ele>253</ele>
    <time>2026-07-30T20:24:49Z</time>
    <speed>1.24</speed>
  </trkpt>
  <trkpt lat="50.724681" lon="-3.957001">
    <ele>255</ele>
    <time>2026-07-30T20:25:00Z</time>
    <speed>1.06</speed>
  </trkpt>
  <trkpt lat="50.724772" lon="-3.957157">
    <ele>257</ele>
    <time>2026-07-30T20:25:11Z</time>
    <speed>2.58</speed>
  </trkpt>
  <trkpt lat="50.724876" lon="-3.957291">
    <ele>255</ele>
    <time>2026-07-30T20:25:22Z</time>
    <speed>1.1999999</speed>
  </trkpt>
  <trkpt lat="50.724970" lon="-3.957427">
    <ele>256</ele>
    <time>2026-07-30T20:25:33Z</time>
    <speed>0.9</speed>
  </trkpt>
  <trkpt lat="50.725037" lon="-3.957531">
    <ele>255</ele>
    <time>2026-07-30T20:26:13Z</time>
    <speed>0.64</speed>
  </trkpt>
  <trkpt lat="50.725048" lon="-3.957697">
    <ele>255</ele>
    <time>2026-07-30T20:26:24Z</time>
    <speed>1.77</speed>
  </trkpt>
  <trkpt lat="50.725143" lon="-3.957665">
    <ele>255</ele>
    <time>2026-07-30T20:26:43Z</time>
    <speed>2.1</speed>
  </trkpt>
  <trkpt lat="50.725103" lon="-3.957796">
    <ele>255</ele>
    <time>2026-07-30T20:26:55Z</time>
    <speed>1.02</speed>
  </trkpt>
  <trkpt lat="50.725076" lon="-3.957653">
    <ele>255</ele>
    <time>2026-07-30T20:27:17Z</time>
    <speed>1.24</speed>
  </trkpt>
  <trkpt lat="50.724999" lon="-3.957553">
    <ele>255</ele>
    <time>2026-07-30T20:27:30Z</time>
    <speed>3.31</speed>
  </trkpt>
  <trkpt lat="50.724964" lon="-3.957422">
    <ele>254</ele>
    <time>2026-07-30T20:28:11Z</time>
    <speed>0.63</speed>
  </trkpt>
  <trkpt lat="50.724880" lon="-3.957503">
    <ele>254</ele>
    <time>2026-07-30T20:31:26Z</time>
    <speed>2.1299999</speed>
  </trkpt>
  <trkpt lat="50.724979" lon="-3.957462">
    <ele>254</ele>
    <time>2026-07-30T20:33:02Z</time>
    <speed>1.9599999</speed>
  </trkpt>
 </trkseg>
</trk>
</gpx>
